ObjectName,R,G,B
StaticMeshActor_UAID_E08F4CF5208AA17502_2102634488,255,255,255
StaticMeshActor_UAID_E08F4CF5208A9D7502_1362847747,255,255,127
StaticMeshActor_UAID_E08F4CF5208A9C7502_1338685517,255,127,255
StaticMeshActor_UAID_E08F4CF5208AA07502_1083985350,255,127,127
StaticMeshActor_UAID_E08F4CF5208AA17502_1811438432,127,255,255
StaticMeshActor_UAID_E08F4CF5208AA17502_2102553461,127,255,127
StaticMeshActor_UAID_E08F4CF5208ABE7502_1435520497,127,127,255
StaticMeshActor_UAID_E08F4CF5208AA17502_1811469443,127,127,127
StaticMeshActor_UAID_E08F4CF5208AA07502_1084004357,255,255,191
StaticMeshActor_UAID_E08F4CF5208AA07502_1083887317,255,127,191
StaticMeshActor_UAID_E08F4CF5208AA17502_2102696509,127,255,191
StaticMeshActor_UAID_E08F4CF5208ABE7502_1435509493,127,127,191
StaticMeshActor_UAID_E08F4CF5208ABE7502_1435498489,255,191,255
StaticMeshActor_UAID_E08F4CF5208A9D7502_1405820752,255,191,127
StaticMeshActor_UAID_E08F4CF5208A9D7502_1245774739,127,191,255
BP_SplineHuman_Type14_C_UAID_E08F4CF5208A407A02_1421465596,127,191,127
StaticMeshActor_UAID_E08F4CF5208A9D7502_1204282736,255,191,191
StaticMeshActor_UAID_E08F4CF5208AA07502_1083952338,127,191,191
StaticMeshActor_UAID_E08F4CF5208A9C7502_1921825538,191,255,255
BP_SplineHuman_Type11_C_UAID_E08F4CF5208A487A02_1157467017,191,255,127
StaticMeshActor_UAID_E08F4CF5208AC07502_2046831868,191,127,255
StaticMeshActor_UAID_E08F4CF5208A0E7402_1499248461,191,127,127
StaticMeshActor_UAID_D843AED10BEFF47302_1872437889,191,255,191
StaticMeshActor_UAID_E08F4CF5208AA17502_1811486449,191,127,191
StaticMeshActor_UAID_E08F4CF5208A0E7402_1727395465,191,191,255
StaticMeshActor_UAID_E08F4CF5208AA07502_1083908322,191,191,127
StaticMeshActor_UAID_E08F4CF5208AC07502_2034610867,191,191,191
StaticMeshActor_UAID_E08F4CF5208AA17502_2102675502,255,255,95
StaticMeshActor_UAID_E08F4CF5208A317402_1875066619,255,127,95
StaticMeshActor_UAID_E08F4CF5208AC07502_1367258847,255,191,95
StaticMeshActor_UAID_E08F4CF5208A9C7502_1853956535,127,255,95
StaticMeshActor_UAID_E08F4CF5208A377402_1371366678,127,127,95
StaticMeshActor_UAID_E08F4CF5208A9C7502_2048981547,127,191,95
StaticMeshActor_UAID_E08F4CF5208A9C7502_1611350530,191,255,95
StaticMeshActor_UAID_E08F4CF5208AA17502_1811511458,191,127,95
StaticMeshActor_UAID_E08F4CF5208AA07502_1084024364,191,191,95
StaticMeshActor_UAID_E08F4CF5208AA17502_2102581470,255,95,255
StaticMeshActor_UAID_E08F4CF5208A9C7502_1954706542,255,95,127
StaticMeshActor_UAID_E08F4CF5208A9D7502_1533822758,255,95,191
StaticMeshActor_UAID_E08F4CF5208A9D7502_1555880762,127,95,255
StaticMeshActor_UAID_E08F4CF5208A9C7502_1391042522,127,95,127
StaticMeshActor_UAID_E08F4CF5208AC07502_1314586845,127,95,191
StaticMeshActor_UAID_E08F4CF5208AC07502_1951823865,191,95,255
StaticMeshActor_UAID_E08F4CF5208A9C7502_1340650521,191,95,127
StaticMeshActor_UAID_E08F4CF5208AA17502_1811424427,191,95,191
StaticMeshActor_UAID_E08F4CF5208AA07502_1083958340,255,95,95
StaticMeshActor_UAID_E08F4CF5208ABE7502_1435507492,127,95,95
StaticMeshActor_UAID_E08F4CF5208A0E7402_1412105460,191,95,95
StaticMeshActor_UAID_E08F4CF5208AA17502_1811397417,95,255,255
StaticMeshActor_UAID_E08F4CF5208A377402_1106938676,95,255,127
StaticMeshActor_UAID_E08F4CF5208AC17502_1230764046,95,255,191
StaticMeshActor_UAID_E08F4CF5208AA17502_2102661497,95,127,255
StaticMeshActor_UAID_E08F4CF5208AC07502_1729417856,95,127,127
StaticMeshActor_UAID_E08F4CF5208AA17502_1811494452,95,127,191
BP_SplineHuman_Type5_C_UAID_E08F4CF5208A477A02_1587259839,95,191,255
StaticMeshActor_UAID_D0C1B5477A2CCC7B02_1728727288,95,191,127
StaticMeshActor_UAID_E08F4CF5208A9C7502_2130269551,95,191,191
StaticMeshActor_UAID_E08F4CF5208A9D7502_1537966759,95,255,95
StaticMeshActor_UAID_E08F4CF5208A727602_1589906174,95,127,95
BP_SplineHuman_Type3_C_UAID_E08F4CF5208A3F7A02_1918728418,95,191,95
StaticMeshActor_UAID_E08F4CF5208AA17502_1811400418,95,95,255
StaticMeshActor_UAID_E08F4CF5208A9C7502_1410710526,95,95,127
StaticMeshActor_UAID_E08F4CF5208A507402_1269021076,95,95,191
StaticMeshActor_UAID_E08F4CF5208AA17502_2102567465,95,95,95
StaticMeshActor_UAID_E08F4CF5208A9D7502_1345660746,255,255,159
BP_SplineHuman_Girl2_C_UAID_E08F4CF5208A457A02_1135924483,255,127,159
StaticMeshActor_UAID_E08F4CF5208A9C7502_1997298546,255,191,159
StaticMeshActor_UAID_E08F4CF5208AA17502_1811391415,255,95,159
StaticMeshActor_UAID_E08F4CF5208AC17502_1209569045,127,255,159
StaticMeshActor_UAID_D843AED10BEFF47302_1919689891,127,127,159
StaticMeshActor_UAID_E08F4CF5208AC07502_1383443851,127,191,159
StaticMeshActor_UAID_E08F4CF5208AA17502_1811380411,127,95,159
StaticMeshActor_UAID_E08F4CF5208AC07502_1367249846,191,255,159
StaticMeshActor_UAID_E08F4CF5208A9D7502_1552500761,191,127,159
StaticMeshActor_UAID_E08F4CF5208AA17502_2102637489,191,191,159
StaticMeshActor_UAID_E08F4CF5208AA17502_2102557462,191,95,159
StaticMeshActor_UAID_E08F4CF5208A9C7502_1339533518,95,255,159
StaticMeshActor_UAID_E08F4CF5208AA17502_2102652494,95,127,159
StaticMeshActor_UAID_E08F4CF5208AA17502_1811405420,95,191,159
StaticMeshActor_UAID_E08F4CF5208AA17502_1811403419,95,95,159
StaticMeshActor_UAID_E08F4CF5208AA17502_1811497453,255,159,255
StaticMeshActor_UAID_E08F4CF5208AC07502_1383446853,255,159,127
BP_SplineHuman_Type13_C_UAID_E08F4CF5208A497A02_1081776195,255,159,191
StaticMeshActor_UAID_E08F4CF5208AA17502_2102669500,255,159,95
StaticMeshActor_UAID_E08F4CF5208AA07502_1083960341,127,159,255
StaticMeshActor_UAID_E08F4CF5208AA17502_1811394416,127,159,127
StaticMeshActor_UAID_E08F4CF5208A9D7502_1342081745,127,159,191
StaticMeshActor_UAID_E08F4CF5208A9C7502_1339940519,127,159,95
StaticMeshActor_UAID_E08F4CF5208AA07502_1083988351,191,159,255
StaticMeshActor_UAID_E08F4CF5208AA07502_1083917325,191,159,127
StaticMeshActor_UAID_E08F4CF5208A9D7502_1373122748,191,159,191
StaticMeshActor_UAID_E08F4CF5208A9D7502_1424738753,191,159,95
StaticMeshActor_UAID_E08F4CF5208AC07502_1876857860,95,159,255
BP_SplineHuman_Type7_C_UAID_E08F4CF5208A417A02_1772760774,95,159,127
StaticMeshActor_UAID_E08F4CF5208A9D7502_1281695741,95,159,191
StaticMeshActor_UAID_E08F4CF5208AA17502_2102602477,95,159,95
StaticMeshActor_UAID_E08F4CF5208AA17502_2102629486,255,159,159
StaticMeshActor_UAID_E08F4CF5208AA17502_1811452437,127,159,159
StaticMeshActor_UAID_E08F4CF5208AA07502_1083905321,191,159,159
StaticMeshActor_UAID_E08F4CF5208AC07502_1383439849,95,159,159
StaticMeshActor_UAID_E08F4CF5208AC07502_1383448854,159,255,255
StaticMeshActor_UAID_E08F4CF5208A9D7502_1098963729,159,255,127
StaticMeshActor_UAID_E08F4CF5208AA17502_1811408421,159,255,191
BP_SplineHuman_Mannequin1_C_UAID_E08F4CF5208A457A02_1512040484,159,255,95
StaticMeshActor_UAID_E08F4CF5208AA17502_1811483448,159,127,255
StaticMeshActor_UAID_E08F4CF5208AA17502_1811513459,159,127,127
StaticMeshActor_UAID_E08F4CF5208AA17502_1811508457,159,127,191
StaticMeshActor_UAID_E08F4CF5208AA17502_1811455438,159,127,95
StaticMeshActor_UAID_E08F4CF5208AC07502_1383442850,159,191,255
StaticMeshActor_UAID_E08F4CF5208AA17502_1811461440,159,191,127
StaticMeshActor_UAID_E08F4CF5208A0E7402_1587105462,159,191,191
StaticMeshActor_UAID_E08F4CF5208AA07502_1084013360,159,191,95
StaticMeshActor_UAID_E08F4CF5208AA07502_1083911323,159,95,255
StaticMeshActor_UAID_E08F4CF5208ABE7502_1435518496,159,95,127
StaticMeshActor_UAID_E08F4CF5208A727602_1562647173,159,95,191
StaticMeshActor_UAID_E08F4CF5208AA17502_1811463441,159,95,95
StaticMeshActor_UAID_E08F4CF5208AA07502_1084015361,159,255,159
StaticMeshActor_UAID_E08F4CF5208AA17502_2102690507,159,127,159
StaticMeshActor_UAID_E08F4CF5208AA07502_1790130207,159,191,159
StaticMeshActor_UAID_E08F4CF5208AA17502_1811386413,159,95,159
StaticMeshActor_UAID_E08F4CF5208AA07502_1083974346,159,159,255
StaticMeshActor_UAID_E08F4CF5208AA07502_1083993353,159,159,127
StaticMeshActor_UAID_E08F4CF5208AA17502_2102658496,159,159,191
StaticMeshActor_UAID_D843AED10BEFF37302_2061422706,159,159,95
StaticMeshActor_UAID_E08F4CF5208AA17502_2102596475,159,159,159
StaticMeshActor_UAID_E08F4CF5208AA07502_1083920326,255,255,223
StaticMeshActor_UAID_E08F4CF5208AA07502_2021520208,255,127,223
StaticMeshActor_UAID_E08F4CF5208A397402_2004829033,255,191,223
StaticMeshActor_UAID_E08F4CF5208AA07502_1083923327,255,95,223
StaticMeshActor_UAID_E08F4CF5208AA17502_2102605478,255,159,223
StaticMeshActor_UAID_E08F4CF5208AA17502_1811491451,127,255,223
StaticMeshActor_UAID_A4AE111137DC5EFB00_1594956423,127,127,223
StaticMeshActor_UAID_E08F4CF5208AA17502_2102584471,127,191,223
StaticMeshActor_UAID_E08F4CF5208AA17502_1811383412,127,95,223
StaticMeshActor_UAID_E08F4CF5208AA07502_1083955339,127,159,223
BP_SplineHuman_Type10_C_UAID_E08F4CF5208A437A02_1596611129,191,255,223
StaticMeshActor_UAID_E08F4CF5208A9C7502_1941763539,191,127,223
StaticMeshActor_UAID_E08F4CF5208A377402_1530199680,191,191,223
StaticMeshActor_UAID_E08F4CF5208AA17502_1811474445,191,95,223
StaticMeshActor_UAID_E08F4CF5208AA17502_1811488450,191,159,223
StaticMeshActor_UAID_E08F4CF5208A0E7402_1848368466,95,255,223
StaticMeshActor_UAID_E08F4CF5208AA17502_1811480447,95,127,223
StaticMeshActor_UAID_E08F4CF5208A0E7402_1614099463,95,191,223
BP_SplineHuman_Type2_C_UAID_E08F4CF5208A417A02_1509275773,95,95,223
StaticMeshActor_UAID_E08F4CF5208ABE7502_1435504491,95,159,223
StaticMeshActor_UAID_E08F4CF5208ABE7502_1435495488,159,255,223
StaticMeshActor_UAID_E08F4CF5208AA17502_2102678503,159,127,223
StaticMeshActor_UAID_E08F4CF5208AA17502_1811499454,159,191,223
StaticMeshActor_UAID_E08F4CF5208AA17502_2102681504,159,95,223
StaticMeshActor_UAID_E08F4CF5208A9C7502_1771453533,159,159,223
BP_SplineHuman_Type6_C_UAID_E08F4CF5208A407A02_1088594595,255,223,255
StaticMeshActor_UAID_E08F4CF5208AA07502_1083882316,255,223,127
StaticMeshActor_UAID_E08F4CF5208AA07502_1084007358,255,223,191
StaticMeshActor_UAID_E08F4CF5208AA17502_1811422426,255,223,95
StaticMeshActor_UAID_E08F4CF5208AA07502_1083966343,255,223,159
StaticMeshActor_UAID_E08F4CF5208AA07502_1083977347,127,223,255
StaticMeshActor_UAID_E08F4CF5208A377402_1448174679,127,223,127
StaticMeshActor_UAID_E08F4CF5208AA17502_2102611480,127,223,191
StaticMeshActor_UAID_E08F4CF5208AA17502_1811411422,127,223,95
StaticMeshActor_UAID_E08F4CF5208AA17502_1811369408,127,223,159
StaticMeshActor_UAID_E08F4CF5208AA17502_1811416424,191,223,255
StaticMeshActor_UAID_E08F4CF5208AA07502_1083928329,191,223,127
StaticMeshActor_UAID_E08F4CF5208A9D7502_1182708733,191,223,191
StaticMeshActor_UAID_E08F4CF5208AA17502_1811430429,191,223,95
StaticMeshActor_UAID_E08F4CF5208AA17502_1811447435,191,223,159
StaticMeshActor_UAID_D843AED10BEFF47302_1993644892,95,223,255
StaticMeshActor_UAID_E08F4CF5208AA07502_1083982349,95,223,127
StaticMeshActor_UAID_E08F4CF5208AA17502_2102699510,95,223,191
StaticMeshActor_UAID_E08F4CF5208ABE7502_1435523498,95,223,95
StaticMeshActor_UAID_E08F4CF5208AA17502_1811389414,95,223,159
StaticMeshActor_UAID_E08F4CF5208AA07502_1083925328,159,223,255
BP_SplineHuman_Mannequin2_C_UAID_E08F4CF5208A457A02_1886793485,159,223,127
BP_SplineHuman_Type4_C_UAID_E08F4CF5208A467A02_1775944662,159,223,191
StaticMeshActor_UAID_E08F4CF5208A9C7502_1578761529,159,223,95
StaticMeshActor_UAID_E08F4CF5208A9C7502_1340294520,159,223,159
StaticMeshActor_UAID_E08F4CF5208AA17502_2102593474,255,223,223
BP_SplineHuman_Type9_C_UAID_E08F4CF5208A477A02_1940754840,127,223,223
StaticMeshActor_UAID_E08F4CF5208AA17502_1811466442,191,223,223
StaticMeshActor_UAID_E08F4CF5208AA07502_1084021363,95,223,223
StaticMeshActor_UAID_E08F4CF5208AA07502_2022041209,159,223,223
StaticMeshActor_UAID_E08F4CF5208A9D7502_1463839755,223,255,255
StaticMeshActor_UAID_E08F4CF5208A3F7A02_1579444416,223,255,127
StaticMeshActor_UAID_E08F4CF5208AC07502_1367262848,223,255,191
StaticMeshActor_UAID_E08F4CF5208AC17502_1277797047,223,255,95
StaticMeshActor_UAID_E08F4CF5208AA07502_1083979348,223,255,159
StaticMeshActor_UAID_E08F4CF5208AA07502_1083999355,223,127,255
StaticMeshActor_UAID_E08F4CF5208A9C7502_1989517543,223,127,127
StaticMeshActor_UAID_E08F4CF5208AC07502_2029522866,223,127,191
StaticMeshActor_UAID_E08F4CF5208AA17502_2102608479,223,127,95
StaticMeshActor_UAID_E08F4CF5208A9D7502_1484966756,223,127,159
StaticMeshActor_UAID_E08F4CF5208A9C7502_1682541532,223,191,255
BP_SplineHuman_Type8_C_UAID_E08F4CF5208A437A02_1199966128,223,191,127
StaticMeshActor_UAID_E08F4CF5208AA17502_2102640490,223,191,191
StaticMeshActor_UAID_E08F4CF5208A9C7502_1894692537,223,191,95
StaticMeshActor_UAID_E08F4CF5208A0E7402_1702715464,223,191,159
StaticMeshActor_UAID_E08F4CF5208AC07502_1288403841,223,95,255
StaticMeshActor_UAID_E08F4CF5208A9C7502_1887113536,223,95,127
StaticMeshActor_UAID_E08F4CF5208A9C7502_1326496516,223,95,191
StaticMeshActor_UAID_E08F4CF5208AA17502_1811502455,223,95,95
StaticMeshActor_UAID_E08F4CF5208A9D7502_1232133737,223,95,159
StaticMeshActor_UAID_E08F4CF5208AA17502_2102687506,223,159,255
StaticMeshActor_UAID_E08F4CF5208AA17502_2102667499,223,159,127
StaticMeshActor_UAID_E08F4CF5208AA07502_1083931330,223,159,191
StaticMeshActor_UAID_E08F4CF5208AA17502_1811413423,223,159,95
StaticMeshActor_UAID_E08F4CF5208AA17502_1811505456,223,159,159
StaticMeshActor_UAID_E08F4CF5208ABE7502_1435526499,223,255,223
StaticMeshActor_UAID_E08F4CF5208ABE7502_1435486487,223,127,223
StaticMeshActor_UAID_E08F4CF5208AC07502_1757274857,223,191,223
StaticMeshActor_UAID_E08F4CF5208AC07502_1946612864,223,95,223
StaticMeshActor_UAID_D843AED10BEFF47302_2093937893,223,159,223
StaticMeshActor_UAID_E08F4CF5208A9C7502_1992195544,223,223,255
StaticMeshActor_UAID_E08F4CF5208A397402_2033584034,223,223,127
StaticMeshActor_UAID_E08F4CF5208AC07502_1383445852,223,223,191
StaticMeshActor_UAID_E08F4CF5208AC07502_1839222859,223,223,95
BP_SplineHuman_Type12_C_UAID_E08F4CF5208A487A02_1781865018,223,223,159
StaticMeshActor_UAID_E08F4CF5208AA17502_2102655495,223,223,223
StaticMeshActor_UAID_E08F4CF5208AA07502_1084018362,255,255,79
StaticMeshActor_UAID_E08F4CF5208AA17502_1811516460,255,127,79
StaticMeshActor_UAID_E08F4CF5208AA17502_2102578469,255,191,79
StaticMeshActor_UAID_D843AED10BEFFC7302_1230366287,255,95,79
StaticMeshActor_UAID_E08F4CF5208AA17502_1811366407,255,159,79
StaticMeshActor_UAID_E08F4CF5208AA17502_1811477446,255,223,79
StaticMeshActor_UAID_E08F4CF5208AA07502_1084002356,127,255,79
StaticMeshActor_UAID_E08F4CF5208AA17502_1811441433,127,127,79
StaticMeshActor_UAID_E08F4CF5208AA07502_1083949337,127,191,79
StaticMeshActor_UAID_E08F4CF5208AA07502_1083933331,127,95,79
StaticMeshActor_UAID_E08F4CF5208AA17502_2102617482,127,159,79
StaticMeshActor_UAID_E08F4CF5208AA17502_2102587472,127,223,79
StaticMeshActor_UAID_E08F4CF5208A9C7502_2117913550,191,255,79
StaticMeshActor_UAID_E08F4CF5208AA17502_1811458439,191,127,79
StaticMeshActor_UAID_E08F4CF5208AA17502_2102664498,191,191,79
BP_SplineHuman_C_UAID_E08F4CF5208ADB7502_2044960591,191,95,79
StaticMeshActor_UAID_E08F4CF5208AA17502_1811472444,191,159,79
StaticMeshActor_UAID_E08F4CF5208AC07502_1258592840,191,223,79
StaticMeshActor_UAID_E08F4CF5208AA17502_2102620483,95,255,79
StaticMeshActor_UAID_E08F4CF5208AA17502_1811449436,95,127,79
BP_SplineHuman_Mannequin2_C_UAID_E08F4CF5208A427A02_1146249951,95,191,79
StaticMeshActor_UAID_E08F4CF5208AC07502_1915474862,95,95,79
StaticMeshActor_UAID_E08F4CF5208AA17502_1811444434,95,159,79
StaticMeshActor_UAID_E08F4CF5208A9C7502_1948163540,95,223,79
StaticMeshActor_UAID_D843AED10BEFF47302_2114387894,159,255,79
StaticMeshActor_UAID_E08F4CF5208AA17502_1811427428,159,127,79
StaticMeshActor_UAID_E08F4CF5208A9D7502_1393442750,159,191,79
StaticMeshActor_UAID_E08F4CF5208A9C7502_1391045524,159,95,79
StaticMeshActor_UAID_E08F4CF5208A377402_1184626677,159,159,79
StaticMeshActor_UAID_E08F4CF5208A4A7402_1676993016,159,223,79
StaticMeshActor_UAID_E08F4CF5208AA17502_2102561463,223,255,79
StaticMeshActor_UAID_D843AED10BEFF57302_1113706072,223,127,79
StaticMeshActor_UAID_E08F4CF5208ABE7502_1435528500,223,191,79
StaticMeshActor_UAID_E08F4CF5208AA07502_1083968344,223,95,79
StaticMeshActor_UAID_E08F4CF5208AA07502_1083996354,223,159,79
StaticMeshActor_UAID_E08F4CF5208A9D7502_1204281735,223,223,79
StaticMeshActor_UAID_E08F4CF5208AA17502_1811377410,255,79,255
BP_SplineHuman_Girl1_C_UAID_E08F4CF5208A3F7A02_1511822415,255,79,127
StaticMeshActor_UAID_E08F4CF5208AA07502_1083891318,255,79,191
StaticMeshActor_UAID_E08F4CF5208AA17502_2102672501,255,79,95
StaticMeshActor_UAID_E08F4CF5208AA17502_1811433430,255,79,159
StaticMeshActor_UAID_E08F4CF5208A9D7502_1295828743,255,79,223
StaticMeshActor_UAID_E08F4CF5208A9C7502_1830268534,127,79,255
StaticMeshActor_UAID_E08F4CF5208A9C7502_1391044523,127,79,127
StaticMeshActor_UAID_E08F4CF5208ABE7502_1435515495,127,79,191
StaticMeshActor_UAID_E08F4CF5208AA07502_1083898320,127,79,95
StaticMeshActor_UAID_E08F4CF5208AA17502_2102684505,127,79,159
StaticMeshActor_UAID_E08F4CF5208AA17502_1811419425,127,79,223
StaticMeshActor_UAID_E08F4CF5208AC07502_1773050858,191,79,255
StaticMeshActor_UAID_E08F4CF5208A0E7402_2035502467,191,79,127
StaticMeshActor_UAID_E08F4CF5208ABE7502_1435512494,191,79,191
StaticMeshActor_UAID_D843AED10BEFF57302_1105810071,191,79,95
StaticMeshActor_UAID_E08F4CF5208A9C7502_2096117549,191,79,159
BP_VehicleAI_SUV2_C_UAID_E08F4CF5208A8E7A02_1425269325,191,79,223
SM_Wheel_Front_R_vehCar_vehicle05_1_BP_VehicleAI_SUV2_C_UAID_E08F4CF5208A8E7A02_1425269325,95,79,255
SM_Wheel_Front_L_vehCar_vehicle05_2_BP_VehicleAI_SUV2_C_UAID_E08F4CF5208A8E7A02_1425269325,95,79,127
SM_Wheel_Rear_L_vehCar_vehicle05_3_BP_VehicleAI_SUV2_C_UAID_E08F4CF5208A8E7A02_1425269325,95,79,191
SM_Wheel_Rear_R_vehCar_vehicle05_4_BP_VehicleAI_SUV2_C_UAID_E08F4CF5208A8E7A02_1425269325,95,79,95
SM_vehCar_vehicle05_No_Wheel_5_BP_VehicleAI_SUV2_C_UAID_E08F4CF5208A8E7A02_1425269325,95,79,159
SM_All_Trans_vehCar_vehicle05_6_BP_VehicleAI_SUV2_C_UAID_E08F4CF5208A8E7A02_1425269325,95,79,223
,159,79,255
BP_VehicleAI_pickup_C_UAID_E08F4CF5208A907A02_1587226677,159,79,127
SM_Wheel_Front_R_vehTruck_vehicle04_1_BP_VehicleAI_pickup_C_UAID_E08F4CF5208A907A02_1587226677,159,79,191
SM_Wheel_Front_L_vehTruck_vehicle04_2_BP_VehicleAI_pickup_C_UAID_E08F4CF5208A907A02_1587226677,159,79,95
SM_Wheel_Rear_L_vehTruck_vehicle04_3_BP_VehicleAI_pickup_C_UAID_E08F4CF5208A907A02_1587226677,159,79,159
SM_Wheel_Rear_R_vehTruck_vehicle04_4_BP_VehicleAI_pickup_C_UAID_E08F4CF5208A907A02_1587226677,159,79,223
SM_vehTruck_vehicle04_No_Wheel_5_BP_VehicleAI_pickup_C_UAID_E08F4CF5208A907A02_1587226677,223,79,255
SM_All_Trans_vehTruck_vehicle04_6_BP_VehicleAI_pickup_C_UAID_E08F4CF5208A907A02_1587226677,223,79,127
BP_VehicleAI_SUV1_C_UAID_E08F4CF5208A907A02_1587294683,223,79,191
SM_Wheel_Front_R_vehCar_vehicle02_1_BP_VehicleAI_SUV1_C_UAID_E08F4CF5208A907A02_1587294683,223,79,95
SM_Wheel_Front_L_vehCar_vehicle02_2_BP_VehicleAI_SUV1_C_UAID_E08F4CF5208A907A02_1587294683,223,79,159
SM_Wheel_Rear_L_vehCar_vehicle02_3_BP_VehicleAI_SUV1_C_UAID_E08F4CF5208A907A02_1587294683,223,79,223
SM_Wheel_Rear_R_vehCar_vehicle02_4_BP_VehicleAI_SUV1_C_UAID_E08F4CF5208A907A02_1587294683,255,79,79
SM_vehCar_vehicle02_No_Wheel_5_BP_VehicleAI_SUV1_C_UAID_E08F4CF5208A907A02_1587294683,127,79,79
SM_All_Trans_vehCar_vehicle02_6_BP_VehicleAI_SUV1_C_UAID_E08F4CF5208A907A02_1587294683,191,79,79
BP_VehicleAI_taxi_C_UAID_E08F4CF5208A8E7A02_1425557351,95,79,79
SM_Wheel_Front_R_vehCar_vehicle12_1_BP_VehicleAI_taxi_C_UAID_E08F4CF5208A8E7A02_1425557351,159,79,79
SM_Wheel_Front_L_vehCar_vehicle12_2_BP_VehicleAI_taxi_C_UAID_E08F4CF5208A8E7A02_1425557351,223,79,79
SM_Wheel_Rear_L_vehCar_vehicle12_3_BP_VehicleAI_taxi_C_UAID_E08F4CF5208A8E7A02_1425557351,79,255,255
SM_Wheel_Rear_R_vehCar_vehicle12_4_BP_VehicleAI_taxi_C_UAID_E08F4CF5208A8E7A02_1425557351,79,255,127
SM_vehCar_vehicle12_No_Wheel_5_BP_VehicleAI_taxi_C_UAID_E08F4CF5208A8E7A02_1425557351,79,255,191
SM_All_Trans_vehCar_vehicle12_6_BP_VehicleAI_taxi_C_UAID_E08F4CF5208A8E7A02_1425557351,79,255,95
BP_VehicleAI_SUV1_C_UAID_E08F4CF5208A8C7A02_1212324119,79,255,159
SM_Wheel_Front_R_vehCar_vehicle02_1_BP_VehicleAI_SUV1_C_UAID_E08F4CF5208A8C7A02_1212324119,79,255,223
SM_Wheel_Front_L_vehCar_vehicle02_2_BP_VehicleAI_SUV1_C_UAID_E08F4CF5208A8C7A02_1212324119,79,127,255
SM_Wheel_Rear_L_vehCar_vehicle02_3_BP_VehicleAI_SUV1_C_UAID_E08F4CF5208A8C7A02_1212324119,79,127,127
SM_Wheel_Rear_R_vehCar_vehicle02_4_BP_VehicleAI_SUV1_C_UAID_E08F4CF5208A8C7A02_1212324119,79,127,191
SM_vehCar_vehicle02_No_Wheel_5_BP_VehicleAI_SUV1_C_UAID_E08F4CF5208A8C7A02_1212324119,79,127,95
SM_All_Trans_vehCar_vehicle02_6_BP_VehicleAI_SUV1_C_UAID_E08F4CF5208A8C7A02_1212324119,79,127,159
BP_VehicleAI_C_UAID_E08F4CF5208A897A02_1815901489,79,127,223
SM_Wheel_Front_R_vehCar_vehicle03_1_BP_VehicleAI_C_UAID_E08F4CF5208A897A02_1815901489,79,191,255
SM_Wheel_Front_L_vehCar_vehicle03_2_BP_VehicleAI_C_UAID_E08F4CF5208A897A02_1815901489,79,191,127
SM_Wheel_Rear_L_vehCar_vehicle03_3_BP_VehicleAI_C_UAID_E08F4CF5208A897A02_1815901489,79,191,191
SM_Wheel_Rear_R_vehCar_vehicle03_4_BP_VehicleAI_C_UAID_E08F4CF5208A897A02_1815901489,79,191,95
SM_vehCar_vehicle03_No_Wheel_5_BP_VehicleAI_C_UAID_E08F4CF5208A897A02_1815901489,79,191,159
SM_All_Trans_vehCar_vehicle03_6_BP_VehicleAI_C_UAID_E08F4CF5208A897A02_1815901489,79,191,223
BP_VehicleAI_taxi_C_UAID_E08F4CF5208A907A02_1634098752,79,95,255
SM_Wheel_Front_R_vehCar_vehicle12_1_BP_VehicleAI_taxi_C_UAID_E08F4CF5208A907A02_1634098752,79,95,127
SM_Wheel_Front_L_vehCar_vehicle12_2_BP_VehicleAI_taxi_C_UAID_E08F4CF5208A907A02_1634098752,79,95,191
SM_Wheel_Rear_L_vehCar_vehicle12_3_BP_VehicleAI_taxi_C_UAID_E08F4CF5208A907A02_1634098752,79,95,95
SM_Wheel_Rear_R_vehCar_vehicle12_4_BP_VehicleAI_taxi_C_UAID_E08F4CF5208A907A02_1634098752,79,95,159
SM_vehCar_vehicle12_No_Wheel_5_BP_VehicleAI_taxi_C_UAID_E08F4CF5208A907A02_1634098752,79,95,223
SM_All_Trans_vehCar_vehicle12_6_BP_VehicleAI_taxi_C_UAID_E08F4CF5208A907A02_1634098752,79,159,255
BP_VehicleAI_SUV2_C_UAID_E08F4CF5208A907A02_1587370689,79,159,127
SM_Wheel_Front_R_vehCar_vehicle05_1_BP_VehicleAI_SUV2_C_UAID_E08F4CF5208A907A02_1587370689,79,159,191
SM_Wheel_Front_L_vehCar_vehicle05_2_BP_VehicleAI_SUV2_C_UAID_E08F4CF5208A907A02_1587370689,79,159,95
SM_Wheel_Rear_L_vehCar_vehicle05_3_BP_VehicleAI_SUV2_C_UAID_E08F4CF5208A907A02_1587370689,79,159,159
SM_Wheel_Rear_R_vehCar_vehicle05_4_BP_VehicleAI_SUV2_C_UAID_E08F4CF5208A907A02_1587370689,79,159,223
SM_vehCar_vehicle05_No_Wheel_5_BP_VehicleAI_SUV2_C_UAID_E08F4CF5208A907A02_1587370689,79,223,255
SM_All_Trans_vehCar_vehicle05_6_BP_VehicleAI_SUV2_C_UAID_E08F4CF5208A907A02_1587370689,79,223,127
BP_VehicleAI_policecar_C_UAID_E08F4CF5208A907A02_1633890734,79,223,191
SM_Wheel_Front_R_vehCar_vehicle13_1_BP_VehicleAI_policecar_C_UAID_E08F4CF5208A907A02_1633890734,79,223,95
SM_Wheel_Front_L_vehCar_vehicle13_2_BP_VehicleAI_policecar_C_UAID_E08F4CF5208A907A02_1633890734,79,223,159
SM_Wheel_Rear_L_vehCar_vehicle13_3_BP_VehicleAI_policecar_C_UAID_E08F4CF5208A907A02_1633890734,79,223,223
SM_Wheel_Rear_R_vehCar_vehicle13_4_BP_VehicleAI_policecar_C_UAID_E08F4CF5208A907A02_1633890734,79,255,79
SM_vehCar_vehicle13_No_Wheel_5_BP_VehicleAI_policecar_C_UAID_E08F4CF5208A907A02_1633890734,79,127,79
SM_All_Trans_vehCar_vehicle13_6_BP_VehicleAI_policecar_C_UAID_E08F4CF5208A907A02_1633890734,79,191,79
BP_VehicleAI_sportscar_C_UAID_E08F4CF5208A707602_1743956818,79,95,79
SM_Wheel_Front_R_vehCar_vehicle06_1_BP_VehicleAI_sportscar_C_UAID_E08F4CF5208A707602_1743956818,79,159,79
SM_Wheel_Front_L_vehCar_vehicle06_2_BP_VehicleAI_sportscar_C_UAID_E08F4CF5208A707602_1743956818,79,223,79
SM_Wheel_Rear_L_vehCar_vehicle06_3_BP_VehicleAI_sportscar_C_UAID_E08F4CF5208A707602_1743956818,79,79,255
SM_Wheel_Rear_R_vehCar_vehicle06_4_BP_VehicleAI_sportscar_C_UAID_E08F4CF5208A707602_1743956818,79,79,127
SM_vehCar_vehicle06_No_Wheel_5_BP_VehicleAI_sportscar_C_UAID_E08F4CF5208A707602_1743956818,79,79,191
SM_All_Trans_vehCar_vehicle06_6_BP_VehicleAI_sportscar_C_UAID_E08F4CF5208A707602_1743956818,79,79,95
BP_VehicleAI_sedan2_C_UAID_E08F4CF5208A8C7A02_1212111101,79,79,159
SM_Wheel_Front_R_vehCar_vehicle07_1_BP_VehicleAI_sedan2_C_UAID_E08F4CF5208A8C7A02_1212111101,79,79,223
SM_Wheel_Front_L_vehCar_vehicle07_2_BP_VehicleAI_sedan2_C_UAID_E08F4CF5208A8C7A02_1212111101,79,79,79
SM_Wheel_Rear_L_vehCar_vehicle07_3_BP_VehicleAI_sedan2_C_UAID_E08F4CF5208A8C7A02_1212111101,255,255,110
SM_Wheel_Rear_R_vehCar_vehicle07_4_BP_VehicleAI_sedan2_C_UAID_E08F4CF5208A8C7A02_1212111101,255,127,110
SM_vehCar_vehicle07_No_Wheel_5_BP_VehicleAI_sedan2_C_UAID_E08F4CF5208A8C7A02_1212111101,255,191,110
SM_All_Trans_vehCar_vehicle07_6_BP_VehicleAI_sedan2_C_UAID_E08F4CF5208A8C7A02_1212111101,255,95,110
BP_VehicleAI_taxi_C_UAID_E08F4CF5208A907A02_1634109753,255,159,110
SM_Wheel_Front_R_vehCar_vehicle12_1_BP_VehicleAI_taxi_C_UAID_E08F4CF5208A907A02_1634109753,255,223,110
SM_Wheel_Front_L_vehCar_vehicle12_2_BP_VehicleAI_taxi_C_UAID_E08F4CF5208A907A02_1634109753,255,79,110
SM_Wheel_Rear_L_vehCar_vehicle12_3_BP_VehicleAI_taxi_C_UAID_E08F4CF5208A907A02_1634109753,127,255,110
SM_Wheel_Rear_R_vehCar_vehicle12_4_BP_VehicleAI_taxi_C_UAID_E08F4CF5208A907A02_1634109753,127,127,110
SM_vehCar_vehicle12_No_Wheel_5_BP_VehicleAI_taxi_C_UAID_E08F4CF5208A907A02_1634109753,127,191,110
SM_All_Trans_vehCar_vehicle12_6_BP_VehicleAI_taxi_C_UAID_E08F4CF5208A907A02_1634109753,127,95,110
BP_VehicleAI_pickup_C_UAID_E08F4CF5208A827A02_1802539214,127,159,110
SM_Wheel_Front_R_vehTruck_vehicle04_1_BP_VehicleAI_pickup_C_UAID_E08F4CF5208A827A02_1802539214,127,223,110
SM_Wheel_Front_L_vehTruck_vehicle04_2_BP_VehicleAI_pickup_C_UAID_E08F4CF5208A827A02_1802539214,127,79,110
SM_Wheel_Rear_L_vehTruck_vehicle04_3_BP_VehicleAI_pickup_C_UAID_E08F4CF5208A827A02_1802539214,191,255,110
SM_Wheel_Rear_R_vehTruck_vehicle04_4_BP_VehicleAI_pickup_C_UAID_E08F4CF5208A827A02_1802539214,191,127,110
SM_vehTruck_vehicle04_No_Wheel_5_BP_VehicleAI_pickup_C_UAID_E08F4CF5208A827A02_1802539214,191,191,110
SM_All_Trans_vehTruck_vehicle04_6_BP_VehicleAI_pickup_C_UAID_E08F4CF5208A827A02_1802539214,191,95,110
BP_VehicleAI_SUV2_C_UAID_E08F4CF5208A907A02_1587248679,191,159,110
SM_Wheel_Front_R_vehCar_vehicle05_1_BP_VehicleAI_SUV2_C_UAID_E08F4CF5208A907A02_1587248679,191,223,110
SM_Wheel_Front_L_vehCar_vehicle05_2_BP_VehicleAI_SUV2_C_UAID_E08F4CF5208A907A02_1587248679,191,79,110
SM_Wheel_Rear_L_vehCar_vehicle05_3_BP_VehicleAI_SUV2_C_UAID_E08F4CF5208A907A02_1587248679,95,255,110
SM_Wheel_Rear_R_vehCar_vehicle05_4_BP_VehicleAI_SUV2_C_UAID_E08F4CF5208A907A02_1587248679,95,127,110
SM_vehCar_vehicle05_No_Wheel_5_BP_VehicleAI_SUV2_C_UAID_E08F4CF5208A907A02_1587248679,95,191,110
SM_All_Trans_vehCar_vehicle05_6_BP_VehicleAI_SUV2_C_UAID_E08F4CF5208A907A02_1587248679,95,95,110
BP_VehicleAI_taxi_C_UAID_E08F4CF5208A907A02_1587404692,95,159,110
SM_Wheel_Front_R_vehCar_vehicle12_1_BP_VehicleAI_taxi_C_UAID_E08F4CF5208A907A02_1587404692,95,223,110
SM_Wheel_Front_L_vehCar_vehicle12_2_BP_VehicleAI_taxi_C_UAID_E08F4CF5208A907A02_1587404692,95,79,110
SM_Wheel_Rear_L_vehCar_vehicle12_3_BP_VehicleAI_taxi_C_UAID_E08F4CF5208A907A02_1587404692,159,255,110
SM_Wheel_Rear_R_vehCar_vehicle12_4_BP_VehicleAI_taxi_C_UAID_E08F4CF5208A907A02_1587404692,159,127,110
SM_vehCar_vehicle12_No_Wheel_5_BP_VehicleAI_taxi_C_UAID_E08F4CF5208A907A02_1587404692,159,191,110
SM_All_Trans_vehCar_vehicle12_6_BP_VehicleAI_taxi_C_UAID_E08F4CF5208A907A02_1587404692,159,95,110
BP_VehicleAI_taxi_C_UAID_E08F4CF5208A907A02_1587179673,159,159,110
SM_Wheel_Front_R_vehCar_vehicle12_1_BP_VehicleAI_taxi_C_UAID_E08F4CF5208A907A02_1587179673,159,223,110
SM_Wheel_Front_L_vehCar_vehicle12_2_BP_VehicleAI_taxi_C_UAID_E08F4CF5208A907A02_1587179673,159,79,110
SM_Wheel_Rear_L_vehCar_vehicle12_3_BP_VehicleAI_taxi_C_UAID_E08F4CF5208A907A02_1587179673,223,255,110
SM_Wheel_Rear_R_vehCar_vehicle12_4_BP_VehicleAI_taxi_C_UAID_E08F4CF5208A907A02_1587179673,223,127,110
SM_vehCar_vehicle12_No_Wheel_5_BP_VehicleAI_taxi_C_UAID_E08F4CF5208A907A02_1587179673,223,191,110
SM_All_Trans_vehCar_vehicle12_6_BP_VehicleAI_taxi_C_UAID_E08F4CF5208A907A02_1587179673,223,95,110
BP_VehicleAI_SUV2_C_UAID_E08F4CF5208A8E7A02_1425455342,223,159,110
SM_Wheel_Front_R_vehCar_vehicle05_1_BP_VehicleAI_SUV2_C_UAID_E08F4CF5208A8E7A02_1425455342,223,223,110
SM_Wheel_Front_L_vehCar_vehicle05_2_BP_VehicleAI_SUV2_C_UAID_E08F4CF5208A8E7A02_1425455342,223,79,110
SM_Wheel_Rear_L_vehCar_vehicle05_3_BP_VehicleAI_SUV2_C_UAID_E08F4CF5208A8E7A02_1425455342,79,255,110
SM_Wheel_Rear_R_vehCar_vehicle05_4_BP_VehicleAI_SUV2_C_UAID_E08F4CF5208A8E7A02_1425455342,79,127,110
SM_vehCar_vehicle05_No_Wheel_5_BP_VehicleAI_SUV2_C_UAID_E08F4CF5208A8E7A02_1425455342,79,191,110
SM_All_Trans_vehCar_vehicle05_6_BP_VehicleAI_SUV2_C_UAID_E08F4CF5208A8E7A02_1425455342,79,95,110
BP_VehicleAI_C_UAID_E08F4CF5208A207602_2123277737,79,159,110
SM_Wheel_Front_R_vehCar_vehicle03_1_BP_VehicleAI_C_UAID_E08F4CF5208A207602_2123277737,79,223,110
SM_Wheel_Front_L_vehCar_vehicle03_2_BP_VehicleAI_C_UAID_E08F4CF5208A207602_2123277737,79,79,110
SM_Wheel_Rear_L_vehCar_vehicle03_3_BP_VehicleAI_C_UAID_E08F4CF5208A207602_2123277737,255,110,255
SM_Wheel_Rear_R_vehCar_vehicle03_4_BP_VehicleAI_C_UAID_E08F4CF5208A207602_2123277737,255,110,127
SM_vehCar_vehicle03_No_Wheel_5_BP_VehicleAI_C_UAID_E08F4CF5208A207602_2123277737,255,110,191
SM_All_Trans_vehCar_vehicle03_6_BP_VehicleAI_C_UAID_E08F4CF5208A207602_2123277737,255,110,95
BP_VehicleAI_policecar_C_UAID_E08F4CF5208A8E7A02_1425598353,255,110,159
SM_Wheel_Front_R_vehCar_vehicle13_1_BP_VehicleAI_policecar_C_UAID_E08F4CF5208A8E7A02_1425598353,255,110,223
SM_Wheel_Front_L_vehCar_vehicle13_2_BP_VehicleAI_policecar_C_UAID_E08F4CF5208A8E7A02_1425598353,255,110,79
SM_Wheel_Rear_L_vehCar_vehicle13_3_BP_VehicleAI_policecar_C_UAID_E08F4CF5208A8E7A02_1425598353,127,110,255
SM_Wheel_Rear_R_vehCar_vehicle13_4_BP_VehicleAI_policecar_C_UAID_E08F4CF5208A8E7A02_1425598353,127,110,127
SM_vehCar_vehicle13_No_Wheel_5_BP_VehicleAI_policecar_C_UAID_E08F4CF5208A8E7A02_1425598353,127,110,191
SM_All_Trans_vehCar_vehicle13_6_BP_VehicleAI_policecar_C_UAID_E08F4CF5208A8E7A02_1425598353,127,110,95
BP_VehicleAI_sportscar_C_UAID_E08F4CF5208A907A02_1587329686,127,110,159
SM_Wheel_Front_R_vehCar_vehicle06_1_BP_VehicleAI_sportscar_C_UAID_E08F4CF5208A907A02_1587329686,127,110,223
SM_Wheel_Front_L_vehCar_vehicle06_2_BP_VehicleAI_sportscar_C_UAID_E08F4CF5208A907A02_1587329686,127,110,79
SM_Wheel_Rear_L_vehCar_vehicle06_3_BP_VehicleAI_sportscar_C_UAID_E08F4CF5208A907A02_1587329686,191,110,255
SM_Wheel_Rear_R_vehCar_vehicle06_4_BP_VehicleAI_sportscar_C_UAID_E08F4CF5208A907A02_1587329686,191,110,127
SM_vehCar_vehicle06_No_Wheel_5_BP_VehicleAI_sportscar_C_UAID_E08F4CF5208A907A02_1587329686,191,110,191
SM_All_Trans_vehCar_vehicle06_6_BP_VehicleAI_sportscar_C_UAID_E08F4CF5208A907A02_1587329686,191,110,95
BP_VehicleAI_sportscar_C_UAID_E08F4CF5208A747602_1428487531,191,110,159
SM_Wheel_Front_R_vehCar_vehicle06_1_BP_VehicleAI_sportscar_C_UAID_E08F4CF5208A747602_1428487531,191,110,223
SM_Wheel_Front_L_vehCar_vehicle06_2_BP_VehicleAI_sportscar_C_UAID_E08F4CF5208A747602_1428487531,191,110,79
SM_Wheel_Rear_L_vehCar_vehicle06_3_BP_VehicleAI_sportscar_C_UAID_E08F4CF5208A747602_1428487531,95,110,255
SM_Wheel_Rear_R_vehCar_vehicle06_4_BP_VehicleAI_sportscar_C_UAID_E08F4CF5208A747602_1428487531,95,110,127
SM_vehCar_vehicle06_No_Wheel_5_BP_VehicleAI_sportscar_C_UAID_E08F4CF5208A747602_1428487531,95,110,191
SM_All_Trans_vehCar_vehicle06_6_BP_VehicleAI_sportscar_C_UAID_E08F4CF5208A747602_1428487531,95,110,95
BP_VehicleAI_sportscar_C_UAID_E08F4CF5208A8E7A02_1425520348,95,110,159
SM_Wheel_Front_R_vehCar_vehicle06_1_BP_VehicleAI_sportscar_C_UAID_E08F4CF5208A8E7A02_1425520348,95,110,223
SM_Wheel_Front_L_vehCar_vehicle06_2_BP_VehicleAI_sportscar_C_UAID_E08F4CF5208A8E7A02_1425520348,95,110,79
SM_Wheel_Rear_L_vehCar_vehicle06_3_BP_VehicleAI_sportscar_C_UAID_E08F4CF5208A8E7A02_1425520348,159,110,255
SM_Wheel_Rear_R_vehCar_vehicle06_4_BP_VehicleAI_sportscar_C_UAID_E08F4CF5208A8E7A02_1425520348,159,110,127
SM_vehCar_vehicle06_No_Wheel_5_BP_VehicleAI_sportscar_C_UAID_E08F4CF5208A8E7A02_1425520348,159,110,191
SM_All_Trans_vehCar_vehicle06_6_BP_VehicleAI_sportscar_C_UAID_E08F4CF5208A8E7A02_1425520348,159,110,95
BP_VehicleAI_C_UAID_E08F4CF5208A8E7A02_1425292327,159,110,159
SM_Wheel_Front_R_vehCar_vehicle03_1_BP_VehicleAI_C_UAID_E08F4CF5208A8E7A02_1425292327,159,110,223
SM_Wheel_Front_L_vehCar_vehicle03_2_BP_VehicleAI_C_UAID_E08F4CF5208A8E7A02_1425292327,159,110,79
SM_Wheel_Rear_L_vehCar_vehicle03_3_BP_VehicleAI_C_UAID_E08F4CF5208A8E7A02_1425292327,223,110,255
SM_Wheel_Rear_R_vehCar_vehicle03_4_BP_VehicleAI_C_UAID_E08F4CF5208A8E7A02_1425292327,223,110,127
SM_vehCar_vehicle03_No_Wheel_5_BP_VehicleAI_C_UAID_E08F4CF5208A8E7A02_1425292327,223,110,191
SM_All_Trans_vehCar_vehicle03_6_BP_VehicleAI_C_UAID_E08F4CF5208A8E7A02_1425292327,223,110,95
BP_VehicleAI_taxi_C_UAID_E08F4CF5208A8C7A02_1212163105,223,110,159
SM_Wheel_Front_R_vehCar_vehicle12_1_BP_VehicleAI_taxi_C_UAID_E08F4CF5208A8C7A02_1212163105,223,110,223
SM_Wheel_Front_L_vehCar_vehicle12_2_BP_VehicleAI_taxi_C_UAID_E08F4CF5208A8C7A02_1212163105,223,110,79
SM_Wheel_Rear_L_vehCar_vehicle12_3_BP_VehicleAI_taxi_C_UAID_E08F4CF5208A8C7A02_1212163105,79,110,255
SM_Wheel_Rear_R_vehCar_vehicle12_4_BP_VehicleAI_taxi_C_UAID_E08F4CF5208A8C7A02_1212163105,79,110,127
SM_vehCar_vehicle12_No_Wheel_5_BP_VehicleAI_taxi_C_UAID_E08F4CF5208A8C7A02_1212163105,79,110,191
SM_All_Trans_vehCar_vehicle12_6_BP_VehicleAI_taxi_C_UAID_E08F4CF5208A8C7A02_1212163105,79,110,95
BP_VehicleAI_C_UAID_E08F4CF5208A8E7A02_1425509347,79,110,159
SM_Wheel_Front_R_vehCar_vehicle03_1_BP_VehicleAI_C_UAID_E08F4CF5208A8E7A02_1425509347,79,110,223
SM_Wheel_Front_L_vehCar_vehicle03_2_BP_VehicleAI_C_UAID_E08F4CF5208A8E7A02_1425509347,79,110,79
SM_Wheel_Rear_L_vehCar_vehicle03_3_BP_VehicleAI_C_UAID_E08F4CF5208A8E7A02_1425509347,255,110,110
SM_Wheel_Rear_R_vehCar_vehicle03_4_BP_VehicleAI_C_UAID_E08F4CF5208A8E7A02_1425509347,127,110,110
SM_vehCar_vehicle03_No_Wheel_5_BP_VehicleAI_C_UAID_E08F4CF5208A8E7A02_1425509347,191,110,110
SM_All_Trans_vehCar_vehicle03_6_BP_VehicleAI_C_UAID_E08F4CF5208A8E7A02_1425509347,95,110,110
BP_VehicleAI_pickup_C_UAID_E08F4CF5208A8C7A02_1212356122,159,110,110
SM_Wheel_Front_R_vehTruck_vehicle04_1_BP_VehicleAI_pickup_C_UAID_E08F4CF5208A8C7A02_1212356122,223,110,110
SM_Wheel_Front_L_vehTruck_vehicle04_2_BP_VehicleAI_pickup_C_UAID_E08F4CF5208A8C7A02_1212356122,79,110,110
SM_Wheel_Rear_L_vehTruck_vehicle04_3_BP_VehicleAI_pickup_C_UAID_E08F4CF5208A8C7A02_1212356122,110,255,255
SM_Wheel_Rear_R_vehTruck_vehicle04_4_BP_VehicleAI_pickup_C_UAID_E08F4CF5208A8C7A02_1212356122,110,255,127
SM_vehTruck_vehicle04_No_Wheel_5_BP_VehicleAI_pickup_C_UAID_E08F4CF5208A8C7A02_1212356122,110,255,191
SM_All_Trans_vehTruck_vehicle04_6_BP_VehicleAI_pickup_C_UAID_E08F4CF5208A8C7A02_1212356122,110,255,95
BP_VehicleAI_pickup_C_UAID_6C6E07132D49788102_1328099840,110,255,159
SM_Wheel_Front_R_vehTruck_vehicle04_1_BP_VehicleAI_pickup_C_UAID_6C6E07132D49788102_1328099840,110,255,223
SM_Wheel_Front_L_vehTruck_vehicle04_2_BP_VehicleAI_pickup_C_UAID_6C6E07132D49788102_1328099840,110,255,79
SM_Wheel_Rear_L_vehTruck_vehicle04_3_BP_VehicleAI_pickup_C_UAID_6C6E07132D49788102_1328099840,110,127,255
SM_Wheel_Rear_R_vehTruck_vehicle04_4_BP_VehicleAI_pickup_C_UAID_6C6E07132D49788102_1328099840,110,127,127
SM_vehTruck_vehicle04_No_Wheel_5_BP_VehicleAI_pickup_C_UAID_6C6E07132D49788102_1328099840,110,127,191
SM_All_Trans_vehTruck_vehicle04_6_BP_VehicleAI_pickup_C_UAID_6C6E07132D49788102_1328099840,110,127,95
BP_VehicleAI_taxi_C_UAID_E08F4CF5208A907A02_1587214676,110,127,159
SM_Wheel_Front_R_vehCar_vehicle12_1_BP_VehicleAI_taxi_C_UAID_E08F4CF5208A907A02_1587214676,110,127,223
SM_Wheel_Front_L_vehCar_vehicle12_2_BP_VehicleAI_taxi_C_UAID_E08F4CF5208A907A02_1587214676,110,127,79
SM_Wheel_Rear_L_vehCar_vehicle12_3_BP_VehicleAI_taxi_C_UAID_E08F4CF5208A907A02_1587214676,110,191,255
SM_Wheel_Rear_R_vehCar_vehicle12_4_BP_VehicleAI_taxi_C_UAID_E08F4CF5208A907A02_1587214676,110,191,127
SM_vehCar_vehicle12_No_Wheel_5_BP_VehicleAI_taxi_C_UAID_E08F4CF5208A907A02_1587214676,110,191,191
SM_All_Trans_vehCar_vehicle12_6_BP_VehicleAI_taxi_C_UAID_E08F4CF5208A907A02_1587214676,110,191,95
BP_VehicleAI_SUV2_C_UAID_E08F4CF5208A907A02_1587414693,110,191,159
SM_Wheel_Front_R_vehCar_vehicle05_1_BP_VehicleAI_SUV2_C_UAID_E08F4CF5208A907A02_1587414693,110,191,223
SM_Wheel_Front_L_vehCar_vehicle05_2_BP_VehicleAI_SUV2_C_UAID_E08F4CF5208A907A02_1587414693,110,191,79
SM_Wheel_Rear_L_vehCar_vehicle05_3_BP_VehicleAI_SUV2_C_UAID_E08F4CF5208A907A02_1587414693,110,95,255
SM_Wheel_Rear_R_vehCar_vehicle05_4_BP_VehicleAI_SUV2_C_UAID_E08F4CF5208A907A02_1587414693,110,95,127
SM_vehCar_vehicle05_No_Wheel_5_BP_VehicleAI_SUV2_C_UAID_E08F4CF5208A907A02_1587414693,110,95,191
SM_All_Trans_vehCar_vehicle05_6_BP_VehicleAI_SUV2_C_UAID_E08F4CF5208A907A02_1587414693,110,95,95
BP_VehicleAI_sportscar_C_UAID_E08F4CF5208A8E7A02_1425400337,110,95,159
SM_Wheel_Front_R_vehCar_vehicle06_1_BP_VehicleAI_sportscar_C_UAID_E08F4CF5208A8E7A02_1425400337,110,95,223
SM_Wheel_Front_L_vehCar_vehicle06_2_BP_VehicleAI_sportscar_C_UAID_E08F4CF5208A8E7A02_1425400337,110,95,79
SM_Wheel_Rear_L_vehCar_vehicle06_3_BP_VehicleAI_sportscar_C_UAID_E08F4CF5208A8E7A02_1425400337,110,159,255
SM_Wheel_Rear_R_vehCar_vehicle06_4_BP_VehicleAI_sportscar_C_UAID_E08F4CF5208A8E7A02_1425400337,110,159,127
SM_vehCar_vehicle06_No_Wheel_5_BP_VehicleAI_sportscar_C_UAID_E08F4CF5208A8E7A02_1425400337,110,159,191
SM_All_Trans_vehCar_vehicle06_6_BP_VehicleAI_sportscar_C_UAID_E08F4CF5208A8E7A02_1425400337,110,159,95
BP_VehicleAI_SUV2_C_UAID_E08F4CF5208A8C7A02_1212085099,110,159,159
SM_Wheel_Front_R_vehCar_vehicle05_1_BP_VehicleAI_SUV2_C_UAID_E08F4CF5208A8C7A02_1212085099,110,159,223
SM_Wheel_Front_L_vehCar_vehicle05_2_BP_VehicleAI_SUV2_C_UAID_E08F4CF5208A8C7A02_1212085099,110,159,79
SM_Wheel_Rear_L_vehCar_vehicle05_3_BP_VehicleAI_SUV2_C_UAID_E08F4CF5208A8C7A02_1212085099,110,223,255
SM_Wheel_Rear_R_vehCar_vehicle05_4_BP_VehicleAI_SUV2_C_UAID_E08F4CF5208A8C7A02_1212085099,110,223,127
SM_vehCar_vehicle05_No_Wheel_5_BP_VehicleAI_SUV2_C_UAID_E08F4CF5208A8C7A02_1212085099,110,223,191
SM_All_Trans_vehCar_vehicle05_6_BP_VehicleAI_SUV2_C_UAID_E08F4CF5208A8C7A02_1212085099,110,223,95
BP_VehicleAI_SUV2_C_UAID_E08F4CF5208A907A02_1634131755,110,223,159
SM_Wheel_Front_R_vehCar_vehicle05_1_BP_VehicleAI_SUV2_C_UAID_E08F4CF5208A907A02_1634131755,110,223,223
SM_Wheel_Front_L_vehCar_vehicle05_2_BP_VehicleAI_SUV2_C_UAID_E08F4CF5208A907A02_1634131755,110,223,79
SM_Wheel_Rear_L_vehCar_vehicle05_3_BP_VehicleAI_SUV2_C_UAID_E08F4CF5208A907A02_1634131755,110,79,255
SM_Wheel_Rear_R_vehCar_vehicle05_4_BP_VehicleAI_SUV2_C_UAID_E08F4CF5208A907A02_1634131755,110,79,127
SM_vehCar_vehicle05_No_Wheel_5_BP_VehicleAI_SUV2_C_UAID_E08F4CF5208A907A02_1634131755,110,79,191
SM_All_Trans_vehCar_vehicle05_6_BP_VehicleAI_SUV2_C_UAID_E08F4CF5208A907A02_1634131755,110,79,95
BP_VehicleAI_SUV1_C_UAID_E08F4CF5208A8C7A02_1212407127,110,79,159
SM_Wheel_Front_R_vehCar_vehicle02_1_BP_VehicleAI_SUV1_C_UAID_E08F4CF5208A8C7A02_1212407127,110,79,223
SM_Wheel_Front_L_vehCar_vehicle02_2_BP_VehicleAI_SUV1_C_UAID_E08F4CF5208A8C7A02_1212407127,110,79,79
SM_Wheel_Rear_L_vehCar_vehicle02_3_BP_VehicleAI_SUV1_C_UAID_E08F4CF5208A8C7A02_1212407127,110,255,110
SM_Wheel_Rear_R_vehCar_vehicle02_4_BP_VehicleAI_SUV1_C_UAID_E08F4CF5208A8C7A02_1212407127,110,127,110
SM_vehCar_vehicle02_No_Wheel_5_BP_VehicleAI_SUV1_C_UAID_E08F4CF5208A8C7A02_1212407127,110,191,110
SM_All_Trans_vehCar_vehicle02_6_BP_VehicleAI_SUV1_C_UAID_E08F4CF5208A8C7A02_1212407127,110,95,110
BP_VehicleAI_SUV2_C_UAID_E08F4CF5208A8E7A02_1425644356,110,159,110
SM_Wheel_Front_R_vehCar_vehicle05_1_BP_VehicleAI_SUV2_C_UAID_E08F4CF5208A8E7A02_1425644356,110,223,110
SM_Wheel_Front_L_vehCar_vehicle05_2_BP_VehicleAI_SUV2_C_UAID_E08F4CF5208A8E7A02_1425644356,110,79,110
SM_Wheel_Rear_L_vehCar_vehicle05_3_BP_VehicleAI_SUV2_C_UAID_E08F4CF5208A8E7A02_1425644356,110,110,255
SM_Wheel_Rear_R_vehCar_vehicle05_4_BP_VehicleAI_SUV2_C_UAID_E08F4CF5208A8E7A02_1425644356,110,110,127
SM_vehCar_vehicle05_No_Wheel_5_BP_VehicleAI_SUV2_C_UAID_E08F4CF5208A8E7A02_1425644356,110,110,191
SM_All_Trans_vehCar_vehicle05_6_BP_VehicleAI_SUV2_C_UAID_E08F4CF5208A8E7A02_1425644356,110,110,95
BP_VehicleAI_sedan2_C_UAID_E08F4CF5208A907A02_1587528703,110,110,159
SM_Wheel_Front_R_vehCar_vehicle07_1_BP_VehicleAI_sedan2_C_UAID_E08F4CF5208A907A02_1587528703,110,110,223
SM_Wheel_Front_L_vehCar_vehicle07_2_BP_VehicleAI_sedan2_C_UAID_E08F4CF5208A907A02_1587528703,110,110,79
SM_Wheel_Rear_L_vehCar_vehicle07_3_BP_VehicleAI_sedan2_C_UAID_E08F4CF5208A907A02_1587528703,110,110,110
SM_Wheel_Rear_R_vehCar_vehicle07_4_BP_VehicleAI_sedan2_C_UAID_E08F4CF5208A907A02_1587528703,255,255,143
SM_vehCar_vehicle07_No_Wheel_5_BP_VehicleAI_sedan2_C_UAID_E08F4CF5208A907A02_1587528703,255,127,143
SM_All_Trans_vehCar_vehicle07_6_BP_VehicleAI_sedan2_C_UAID_E08F4CF5208A907A02_1587528703,255,191,143
BP_VehicleAI_SUV1_og_C_UAID_6C6E07132D49748102_1871818135,255,95,143
SM_Wheel_Front_R_vehCar_vehicle02_1_BP_VehicleAI_SUV1_og_C_UAID_6C6E07132D49748102_1871818135,255,159,143
SM_Wheel_Front_L_vehCar_vehicle02_2_BP_VehicleAI_SUV1_og_C_UAID_6C6E07132D49748102_1871818135,255,223,143
SM_Wheel_Rear_L_vehCar_vehicle02_3_BP_VehicleAI_SUV1_og_C_UAID_6C6E07132D49748102_1871818135,255,79,143
SM_Wheel_Rear_R_vehCar_vehicle02_4_BP_VehicleAI_SUV1_og_C_UAID_6C6E07132D49748102_1871818135,255,110,143
SM_vehCar_vehicle02_No_Wheel_5_BP_VehicleAI_SUV1_og_C_UAID_6C6E07132D49748102_1871818135,127,255,143
SM_All_Trans_vehCar_vehicle02_6_BP_VehicleAI_SUV1_og_C_UAID_6C6E07132D49748102_1871818135,127,127,143
BP_VehicleAI_taxi_C_UAID_E08F4CF5208A907A02_1587481699,127,191,143
SM_Wheel_Front_R_vehCar_vehicle12_1_BP_VehicleAI_taxi_C_UAID_E08F4CF5208A907A02_1587481699,127,95,143
SM_Wheel_Front_L_vehCar_vehicle12_2_BP_VehicleAI_taxi_C_UAID_E08F4CF5208A907A02_1587481699,127,159,143
SM_Wheel_Rear_L_vehCar_vehicle12_3_BP_VehicleAI_taxi_C_UAID_E08F4CF5208A907A02_1587481699,127,223,143
SM_Wheel_Rear_R_vehCar_vehicle12_4_BP_VehicleAI_taxi_C_UAID_E08F4CF5208A907A02_1587481699,127,79,143
SM_vehCar_vehicle12_No_Wheel_5_BP_VehicleAI_taxi_C_UAID_E08F4CF5208A907A02_1587481699,127,110,143
SM_All_Trans_vehCar_vehicle12_6_BP_VehicleAI_taxi_C_UAID_E08F4CF5208A907A02_1587481699,191,255,143
BP_VehicleAI_C_UAID_E08F4CF5208A907A02_1587425694,191,127,143
SM_Wheel_Front_R_vehCar_vehicle03_1_BP_VehicleAI_C_UAID_E08F4CF5208A907A02_1587425694,191,191,143
SM_Wheel_Front_L_vehCar_vehicle03_2_BP_VehicleAI_C_UAID_E08F4CF5208A907A02_1587425694,191,95,143
SM_Wheel_Rear_L_vehCar_vehicle03_3_BP_VehicleAI_C_UAID_E08F4CF5208A907A02_1587425694,191,159,143
SM_Wheel_Rear_R_vehCar_vehicle03_4_BP_VehicleAI_C_UAID_E08F4CF5208A907A02_1587425694,191,223,143
SM_vehCar_vehicle03_No_Wheel_5_BP_VehicleAI_C_UAID_E08F4CF5208A907A02_1587425694,191,79,143
SM_All_Trans_vehCar_vehicle03_6_BP_VehicleAI_C_UAID_E08F4CF5208A907A02_1587425694,191,110,143
BP_VehicleAI_pickup_C_UAID_E08F4CF5208A907A02_1634220763,95,255,143
SM_Wheel_Front_R_vehTruck_vehicle04_1_BP_VehicleAI_pickup_C_UAID_E08F4CF5208A907A02_1634220763,95,127,143
SM_Wheel_Front_L_vehTruck_vehicle04_2_BP_VehicleAI_pickup_C_UAID_E08F4CF5208A907A02_1634220763,95,191,143
SM_Wheel_Rear_L_vehTruck_vehicle04_3_BP_VehicleAI_pickup_C_UAID_E08F4CF5208A907A02_1634220763,95,95,143
SM_Wheel_Rear_R_vehTruck_vehicle04_4_BP_VehicleAI_pickup_C_UAID_E08F4CF5208A907A02_1634220763,95,159,143
SM_vehTruck_vehicle04_No_Wheel_5_BP_VehicleAI_pickup_C_UAID_E08F4CF5208A907A02_1634220763,95,223,143
SM_All_Trans_vehTruck_vehicle04_6_BP_VehicleAI_pickup_C_UAID_E08F4CF5208A907A02_1634220763,95,79,143
BP_VehicleAI_taxi_C_UAID_E08F4CF5208A8E7A02_1425615354,95,110,143
SM_Wheel_Front_R_vehCar_vehicle12_1_BP_VehicleAI_taxi_C_UAID_E08F4CF5208A8E7A02_1425615354,159,255,143
SM_Wheel_Front_L_vehCar_vehicle12_2_BP_VehicleAI_taxi_C_UAID_E08F4CF5208A8E7A02_1425615354,159,127,143
SM_Wheel_Rear_L_vehCar_vehicle12_3_BP_VehicleAI_taxi_C_UAID_E08F4CF5208A8E7A02_1425615354,159,191,143
SM_Wheel_Rear_R_vehCar_vehicle12_4_BP_VehicleAI_taxi_C_UAID_E08F4CF5208A8E7A02_1425615354,159,95,143
SM_vehCar_vehicle12_No_Wheel_5_BP_VehicleAI_taxi_C_UAID_E08F4CF5208A8E7A02_1425615354,159,159,143
SM_All_Trans_vehCar_vehicle12_6_BP_VehicleAI_taxi_C_UAID_E08F4CF5208A8E7A02_1425615354,159,223,143
BP_VehicleAI_policecar_C_UAID_E08F4CF5208A8E7A02_1425199319,159,79,143
SM_Wheel_Front_R_vehCar_vehicle13_1_BP_VehicleAI_policecar_C_UAID_E08F4CF5208A8E7A02_1425199319,159,110,143
SM_Wheel_Front_L_vehCar_vehicle13_2_BP_VehicleAI_policecar_C_UAID_E08F4CF5208A8E7A02_1425199319,223,255,143
SM_Wheel_Rear_L_vehCar_vehicle13_3_BP_VehicleAI_policecar_C_UAID_E08F4CF5208A8E7A02_1425199319,223,127,143
SM_Wheel_Rear_R_vehCar_vehicle13_4_BP_VehicleAI_policecar_C_UAID_E08F4CF5208A8E7A02_1425199319,223,191,143
SM_vehCar_vehicle13_No_Wheel_5_BP_VehicleAI_policecar_C_UAID_E08F4CF5208A8E7A02_1425199319,223,95,143
SM_All_Trans_vehCar_vehicle13_6_BP_VehicleAI_policecar_C_UAID_E08F4CF5208A8E7A02_1425199319,223,159,143
BP_VehicleAI_sedan2_C_UAID_E08F4CF5208A897A02_1645761448,223,223,143
SM_Wheel_Front_R_vehCar_vehicle07_1_BP_VehicleAI_sedan2_C_UAID_E08F4CF5208A897A02_1645761448,223,79,143
SM_Wheel_Front_L_vehCar_vehicle07_2_BP_VehicleAI_sedan2_C_UAID_E08F4CF5208A897A02_1645761448,223,110,143
SM_Wheel_Rear_L_vehCar_vehicle07_3_BP_VehicleAI_sedan2_C_UAID_E08F4CF5208A897A02_1645761448,79,255,143
SM_Wheel_Rear_R_vehCar_vehicle07_4_BP_VehicleAI_sedan2_C_UAID_E08F4CF5208A897A02_1645761448,79,127,143
SM_vehCar_vehicle07_No_Wheel_5_BP_VehicleAI_sedan2_C_UAID_E08F4CF5208A897A02_1645761448,79,191,143
SM_All_Trans_vehCar_vehicle07_6_BP_VehicleAI_sedan2_C_UAID_E08F4CF5208A897A02_1645761448,79,95,143
BP_VehicleAI_sedan2_C_UAID_E08F4CF5208A8C7A02_1212396126,79,159,143
SM_Wheel_Front_R_vehCar_vehicle07_1_BP_VehicleAI_sedan2_C_UAID_E08F4CF5208A8C7A02_1212396126,79,223,143
SM_Wheel_Front_L_vehCar_vehicle07_2_BP_VehicleAI_sedan2_C_UAID_E08F4CF5208A8C7A02_1212396126,79,79,143
SM_Wheel_Rear_L_vehCar_vehicle07_3_BP_VehicleAI_sedan2_C_UAID_E08F4CF5208A8C7A02_1212396126,79,110,143
SM_Wheel_Rear_R_vehCar_vehicle07_4_BP_VehicleAI_sedan2_C_UAID_E08F4CF5208A8C7A02_1212396126,110,255,143
SM_vehCar_vehicle07_No_Wheel_5_BP_VehicleAI_sedan2_C_UAID_E08F4CF5208A8C7A02_1212396126,110,127,143
SM_All_Trans_vehCar_vehicle07_6_BP_VehicleAI_sedan2_C_UAID_E08F4CF5208A8C7A02_1212396126,110,191,143
BP_VehicleAI_SUV2_C_UAID_E08F4CF5208A907A02_1633982742,110,95,143
SM_Wheel_Front_R_vehCar_vehicle05_1_BP_VehicleAI_SUV2_C_UAID_E08F4CF5208A907A02_1633982742,110,159,143
SM_Wheel_Front_L_vehCar_vehicle05_2_BP_VehicleAI_SUV2_C_UAID_E08F4CF5208A907A02_1633982742,110,223,143
SM_Wheel_Rear_L_vehCar_vehicle05_3_BP_VehicleAI_SUV2_C_UAID_E08F4CF5208A907A02_1633982742,110,79,143
SM_Wheel_Rear_R_vehCar_vehicle05_4_BP_VehicleAI_SUV2_C_UAID_E08F4CF5208A907A02_1633982742,110,110,143
SM_vehCar_vehicle05_No_Wheel_5_BP_VehicleAI_SUV2_C_UAID_E08F4CF5208A907A02_1633982742,255,143,255
SM_All_Trans_vehCar_vehicle05_6_BP_VehicleAI_SUV2_C_UAID_E08F4CF5208A907A02_1633982742,255,143,127
BP_VehicleAI_sedan2_C_UAID_E08F4CF5208A8E7A02_1425575352,255,143,191
SM_Wheel_Front_R_vehCar_vehicle07_1_BP_VehicleAI_sedan2_C_UAID_E08F4CF5208A8E7A02_1425575352,255,143,95
SM_Wheel_Front_L_vehCar_vehicle07_2_BP_VehicleAI_sedan2_C_UAID_E08F4CF5208A8E7A02_1425575352,255,143,159
SM_Wheel_Rear_L_vehCar_vehicle07_3_BP_VehicleAI_sedan2_C_UAID_E08F4CF5208A8E7A02_1425575352,255,143,223
SM_Wheel_Rear_R_vehCar_vehicle07_4_BP_VehicleAI_sedan2_C_UAID_E08F4CF5208A8E7A02_1425575352,255,143,79
SM_vehCar_vehicle07_No_Wheel_5_BP_VehicleAI_sedan2_C_UAID_E08F4CF5208A8E7A02_1425575352,255,143,110
SM_All_Trans_vehCar_vehicle07_6_BP_VehicleAI_sedan2_C_UAID_E08F4CF5208A8E7A02_1425575352,127,143,255
BP_VehicleAI_sportscar_C_UAID_E08F4CF5208A907A02_1633873733,127,143,127
SM_Wheel_Front_R_vehCar_vehicle06_1_BP_VehicleAI_sportscar_C_UAID_E08F4CF5208A907A02_1633873733,127,143,191
SM_Wheel_Front_L_vehCar_vehicle06_2_BP_VehicleAI_sportscar_C_UAID_E08F4CF5208A907A02_1633873733,127,143,95
SM_Wheel_Rear_L_vehCar_vehicle06_3_BP_VehicleAI_sportscar_C_UAID_E08F4CF5208A907A02_1633873733,127,143,159
SM_Wheel_Rear_R_vehCar_vehicle06_4_BP_VehicleAI_sportscar_C_UAID_E08F4CF5208A907A02_1633873733,127,143,223
SM_vehCar_vehicle06_No_Wheel_5_BP_VehicleAI_sportscar_C_UAID_E08F4CF5208A907A02_1633873733,127,143,79
SM_All_Trans_vehCar_vehicle06_6_BP_VehicleAI_sportscar_C_UAID_E08F4CF5208A907A02_1633873733,127,143,110
BP_VehicleAI_policecar_C_UAID_E08F4CF5208A907A02_1587381690,191,143,255
SM_Wheel_Front_R_vehCar_vehicle13_1_BP_VehicleAI_policecar_C_UAID_E08F4CF5208A907A02_1587381690,191,143,127
SM_Wheel_Front_L_vehCar_vehicle13_2_BP_VehicleAI_policecar_C_UAID_E08F4CF5208A907A02_1587381690,191,143,191
SM_Wheel_Rear_L_vehCar_vehicle13_3_BP_VehicleAI_policecar_C_UAID_E08F4CF5208A907A02_1587381690,191,143,95
SM_Wheel_Rear_R_vehCar_vehicle13_4_BP_VehicleAI_policecar_C_UAID_E08F4CF5208A907A02_1587381690,191,143,159
SM_vehCar_vehicle13_No_Wheel_5_BP_VehicleAI_policecar_C_UAID_E08F4CF5208A907A02_1587381690,191,143,223
SM_All_Trans_vehCar_vehicle13_6_BP_VehicleAI_policecar_C_UAID_E08F4CF5208A907A02_1587381690,191,143,79
BP_VehicleAI_policecar_C_UAID_E08F4CF5208A8C7A02_1212502136,191,143,110
SM_Wheel_Front_R_vehCar_vehicle13_1_BP_VehicleAI_policecar_C_UAID_E08F4CF5208A8C7A02_1212502136,95,143,255
SM_Wheel_Front_L_vehCar_vehicle13_2_BP_VehicleAI_policecar_C_UAID_E08F4CF5208A8C7A02_1212502136,95,143,127
SM_Wheel_Rear_L_vehCar_vehicle13_3_BP_VehicleAI_policecar_C_UAID_E08F4CF5208A8C7A02_1212502136,95,143,191
SM_Wheel_Rear_R_vehCar_vehicle13_4_BP_VehicleAI_policecar_C_UAID_E08F4CF5208A8C7A02_1212502136,95,143,95
SM_vehCar_vehicle13_No_Wheel_5_BP_VehicleAI_policecar_C_UAID_E08F4CF5208A8C7A02_1212502136,95,143,159
SM_All_Trans_vehCar_vehicle13_6_BP_VehicleAI_policecar_C_UAID_E08F4CF5208A8C7A02_1212502136,95,143,223
BP_VehicleAI_SUV1_C_UAID_E08F4CF5208A907A02_1634018745,95,143,79
SM_Wheel_Front_R_vehCar_vehicle02_1_BP_VehicleAI_SUV1_C_UAID_E08F4CF5208A907A02_1634018745,95,143,110
SM_Wheel_Front_L_vehCar_vehicle02_2_BP_VehicleAI_SUV1_C_UAID_E08F4CF5208A907A02_1634018745,159,143,255
SM_Wheel_Rear_L_vehCar_vehicle02_3_BP_VehicleAI_SUV1_C_UAID_E08F4CF5208A907A02_1634018745,159,143,127
SM_Wheel_Rear_R_vehCar_vehicle02_4_BP_VehicleAI_SUV1_C_UAID_E08F4CF5208A907A02_1634018745,159,143,191
SM_vehCar_vehicle02_No_Wheel_5_BP_VehicleAI_SUV1_C_UAID_E08F4CF5208A907A02_1634018745,159,143,95
SM_All_Trans_vehCar_vehicle02_6_BP_VehicleAI_SUV1_C_UAID_E08F4CF5208A907A02_1634018745,159,143,159
BP_VehicleAI_policecar_C_UAID_E08F4CF5208A907A02_1633971741,159,143,223
SM_Wheel_Front_R_vehCar_vehicle13_1_BP_VehicleAI_policecar_C_UAID_E08F4CF5208A907A02_1633971741,159,143,79
SM_Wheel_Front_L_vehCar_vehicle13_2_BP_VehicleAI_policecar_C_UAID_E08F4CF5208A907A02_1633971741,159,143,110
SM_Wheel_Rear_L_vehCar_vehicle13_3_BP_VehicleAI_policecar_C_UAID_E08F4CF5208A907A02_1633971741,223,143,255
SM_Wheel_Rear_R_vehCar_vehicle13_4_BP_VehicleAI_policecar_C_UAID_E08F4CF5208A907A02_1633971741,223,143,127
SM_vehCar_vehicle13_No_Wheel_5_BP_VehicleAI_policecar_C_UAID_E08F4CF5208A907A02_1633971741,223,143,191
SM_All_Trans_vehCar_vehicle13_6_BP_VehicleAI_policecar_C_UAID_E08F4CF5208A907A02_1633971741,223,143,95
BP_VehicleAI_C_UAID_E08F4CF5208A907A02_1634271767,223,143,159
SM_Wheel_Front_R_vehCar_vehicle03_1_BP_VehicleAI_C_UAID_E08F4CF5208A907A02_1634271767,223,143,223
SM_Wheel_Front_L_vehCar_vehicle03_2_BP_VehicleAI_C_UAID_E08F4CF5208A907A02_1634271767,223,143,79
SM_Wheel_Rear_L_vehCar_vehicle03_3_BP_VehicleAI_C_UAID_E08F4CF5208A907A02_1634271767,223,143,110
SM_Wheel_Rear_R_vehCar_vehicle03_4_BP_VehicleAI_C_UAID_E08F4CF5208A907A02_1634271767,79,143,255
SM_vehCar_vehicle03_No_Wheel_5_BP_VehicleAI_C_UAID_E08F4CF5208A907A02_1634271767,79,143,127
SM_All_Trans_vehCar_vehicle03_6_BP_VehicleAI_C_UAID_E08F4CF5208A907A02_1634271767,79,143,191
BP_VehicleAI_taxi_C_UAID_E08F4CF5208A907A02_1634283768,79,143,95
SM_Wheel_Front_R_vehCar_vehicle12_1_BP_VehicleAI_taxi_C_UAID_E08F4CF5208A907A02_1634283768,79,143,159
SM_Wheel_Front_L_vehCar_vehicle12_2_BP_VehicleAI_taxi_C_UAID_E08F4CF5208A907A02_1634283768,79,143,223
SM_Wheel_Rear_L_vehCar_vehicle12_3_BP_VehicleAI_taxi_C_UAID_E08F4CF5208A907A02_1634283768,79,143,79
SM_Wheel_Rear_R_vehCar_vehicle12_4_BP_VehicleAI_taxi_C_UAID_E08F4CF5208A907A02_1634283768,79,143,110
SM_vehCar_vehicle12_No_Wheel_5_BP_VehicleAI_taxi_C_UAID_E08F4CF5208A907A02_1634283768,110,143,255
SM_All_Trans_vehCar_vehicle12_6_BP_VehicleAI_taxi_C_UAID_E08F4CF5208A907A02_1634283768,110,143,127
BP_VehicleAI_C_UAID_E08F4CF5208A907A02_1633857732,110,143,191
SM_Wheel_Front_R_vehCar_vehicle03_1_BP_VehicleAI_C_UAID_E08F4CF5208A907A02_1633857732,110,143,95
SM_Wheel_Front_L_vehCar_vehicle03_2_BP_VehicleAI_C_UAID_E08F4CF5208A907A02_1633857732,110,143,159
SM_Wheel_Rear_L_vehCar_vehicle03_3_BP_VehicleAI_C_UAID_E08F4CF5208A907A02_1633857732,110,143,223
SM_Wheel_Rear_R_vehCar_vehicle03_4_BP_VehicleAI_C_UAID_E08F4CF5208A907A02_1633857732,110,143,79
SM_vehCar_vehicle03_No_Wheel_5_BP_VehicleAI_C_UAID_E08F4CF5208A907A02_1633857732,110,143,110
SM_All_Trans_vehCar_vehicle03_6_BP_VehicleAI_C_UAID_E08F4CF5208A907A02_1633857732,255,143,143
BP_VehicleAI_taxi_C_UAID_E08F4CF5208A907A02_1587436695,127,143,143
SM_Wheel_Front_R_vehCar_vehicle12_1_BP_VehicleAI_taxi_C_UAID_E08F4CF5208A907A02_1587436695,191,143,143
SM_Wheel_Front_L_vehCar_vehicle12_2_BP_VehicleAI_taxi_C_UAID_E08F4CF5208A907A02_1587436695,95,143,143
SM_Wheel_Rear_L_vehCar_vehicle12_3_BP_VehicleAI_taxi_C_UAID_E08F4CF5208A907A02_1587436695,159,143,143
SM_Wheel_Rear_R_vehCar_vehicle12_4_BP_VehicleAI_taxi_C_UAID_E08F4CF5208A907A02_1587436695,223,143,143
SM_vehCar_vehicle12_No_Wheel_5_BP_VehicleAI_taxi_C_UAID_E08F4CF5208A907A02_1587436695,79,143,143
SM_All_Trans_vehCar_vehicle12_6_BP_VehicleAI_taxi_C_UAID_E08F4CF5208A907A02_1587436695,110,143,143
BP_VehicleAI_SUV2_C_UAID_E08F4CF5208A907A02_1587237678,143,255,255
SM_Wheel_Front_R_vehCar_vehicle05_1_BP_VehicleAI_SUV2_C_UAID_E08F4CF5208A907A02_1587237678,143,255,127
SM_Wheel_Front_L_vehCar_vehicle05_2_BP_VehicleAI_SUV2_C_UAID_E08F4CF5208A907A02_1587237678,143,255,191
SM_Wheel_Rear_L_vehCar_vehicle05_3_BP_VehicleAI_SUV2_C_UAID_E08F4CF5208A907A02_1587237678,143,255,95
SM_Wheel_Rear_R_vehCar_vehicle05_4_BP_VehicleAI_SUV2_C_UAID_E08F4CF5208A907A02_1587237678,143,255,159
SM_vehCar_vehicle05_No_Wheel_5_BP_VehicleAI_SUV2_C_UAID_E08F4CF5208A907A02_1587237678,143,255,223
SM_All_Trans_vehCar_vehicle05_6_BP_VehicleAI_SUV2_C_UAID_E08F4CF5208A907A02_1587237678,143,255,79
BP_VehicleAI_C_UAID_E08F4CF5208A907A02_1633840731,143,255,110
SM_Wheel_Front_R_vehCar_vehicle03_1_BP_VehicleAI_C_UAID_E08F4CF5208A907A02_1633840731,143,127,255
SM_Wheel_Front_L_vehCar_vehicle03_2_BP_VehicleAI_C_UAID_E08F4CF5208A907A02_1633840731,143,127,127
SM_Wheel_Rear_L_vehCar_vehicle03_3_BP_VehicleAI_C_UAID_E08F4CF5208A907A02_1633840731,143,127,191
SM_Wheel_Rear_R_vehCar_vehicle03_4_BP_VehicleAI_C_UAID_E08F4CF5208A907A02_1633840731,143,127,95
SM_vehCar_vehicle03_No_Wheel_5_BP_VehicleAI_C_UAID_E08F4CF5208A907A02_1633840731,143,127,159
SM_All_Trans_vehCar_vehicle03_6_BP_VehicleAI_C_UAID_E08F4CF5208A907A02_1633840731,143,127,223
BP_VehicleAI_sedan2_C_UAID_E08F4CF5208A907A02_1587447696,143,127,79
SM_Wheel_Front_R_vehCar_vehicle07_1_BP_VehicleAI_sedan2_C_UAID_E08F4CF5208A907A02_1587447696,143,127,110
SM_Wheel_Front_L_vehCar_vehicle07_2_BP_VehicleAI_sedan2_C_UAID_E08F4CF5208A907A02_1587447696,143,191,255
SM_Wheel_Rear_L_vehCar_vehicle07_3_BP_VehicleAI_sedan2_C_UAID_E08F4CF5208A907A02_1587447696,143,191,127
SM_Wheel_Rear_R_vehCar_vehicle07_4_BP_VehicleAI_sedan2_C_UAID_E08F4CF5208A907A02_1587447696,143,191,191
SM_vehCar_vehicle07_No_Wheel_5_BP_VehicleAI_sedan2_C_UAID_E08F4CF5208A907A02_1587447696,143,191,95
SM_All_Trans_vehCar_vehicle07_6_BP_VehicleAI_sedan2_C_UAID_E08F4CF5208A907A02_1587447696,143,191,159
BP_VehicleAI_taxi_C_UAID_E08F4CF5208A907A02_1587550705,143,191,223
SM_Wheel_Front_R_vehCar_vehicle12_1_BP_VehicleAI_taxi_C_UAID_E08F4CF5208A907A02_1587550705,143,191,79
SM_Wheel_Front_L_vehCar_vehicle12_2_BP_VehicleAI_taxi_C_UAID_E08F4CF5208A907A02_1587550705,143,191,110
SM_Wheel_Rear_L_vehCar_vehicle12_3_BP_VehicleAI_taxi_C_UAID_E08F4CF5208A907A02_1587550705,143,95,255
SM_Wheel_Rear_R_vehCar_vehicle12_4_BP_VehicleAI_taxi_C_UAID_E08F4CF5208A907A02_1587550705,143,95,127
SM_vehCar_vehicle12_No_Wheel_5_BP_VehicleAI_taxi_C_UAID_E08F4CF5208A907A02_1587550705,143,95,191
SM_All_Trans_vehCar_vehicle12_6_BP_VehicleAI_taxi_C_UAID_E08F4CF5208A907A02_1587550705,143,95,95
BP_VehicleAI_SUV1_C_UAID_E08F4CF5208A8C7A02_1212174106,143,95,159
SM_Wheel_Front_R_vehCar_vehicle02_1_BP_VehicleAI_SUV1_C_UAID_E08F4CF5208A8C7A02_1212174106,143,95,223
SM_Wheel_Front_L_vehCar_vehicle02_2_BP_VehicleAI_SUV1_C_UAID_E08F4CF5208A8C7A02_1212174106,143,95,79
SM_Wheel_Rear_L_vehCar_vehicle02_3_BP_VehicleAI_SUV1_C_UAID_E08F4CF5208A8C7A02_1212174106,143,95,110
SM_Wheel_Rear_R_vehCar_vehicle02_4_BP_VehicleAI_SUV1_C_UAID_E08F4CF5208A8C7A02_1212174106,143,159,255
SM_vehCar_vehicle02_No_Wheel_5_BP_VehicleAI_SUV1_C_UAID_E08F4CF5208A8C7A02_1212174106,143,159,127
SM_All_Trans_vehCar_vehicle02_6_BP_VehicleAI_SUV1_C_UAID_E08F4CF5208A8C7A02_1212174106,143,159,191
BP_VehicleAI_C_UAID_E08F4CF5208A747602_1422771530,143,159,95
SM_Wheel_Front_R_vehCar_vehicle03_1_BP_VehicleAI_C_UAID_E08F4CF5208A747602_1422771530,143,159,159
SM_Wheel_Front_L_vehCar_vehicle03_2_BP_VehicleAI_C_UAID_E08F4CF5208A747602_1422771530,143,159,223
SM_Wheel_Rear_L_vehCar_vehicle03_3_BP_VehicleAI_C_UAID_E08F4CF5208A747602_1422771530,143,159,79
SM_Wheel_Rear_R_vehCar_vehicle03_4_BP_VehicleAI_C_UAID_E08F4CF5208A747602_1422771530,143,159,110
SM_vehCar_vehicle03_No_Wheel_5_BP_VehicleAI_C_UAID_E08F4CF5208A747602_1422771530,143,223,255
SM_All_Trans_vehCar_vehicle03_6_BP_VehicleAI_C_UAID_E08F4CF5208A747602_1422771530,143,223,127
BP_VehicleAI_pickup_C_UAID_E08F4CF5208A907A02_1634051748,143,223,191
SM_Wheel_Front_R_vehTruck_vehicle04_1_BP_VehicleAI_pickup_C_UAID_E08F4CF5208A907A02_1634051748,143,223,95
SM_Wheel_Front_L_vehTruck_vehicle04_2_BP_VehicleAI_pickup_C_UAID_E08F4CF5208A907A02_1634051748,143,223,159
SM_Wheel_Rear_L_vehTruck_vehicle04_3_BP_VehicleAI_pickup_C_UAID_E08F4CF5208A907A02_1634051748,143,223,223
SM_Wheel_Rear_R_vehTruck_vehicle04_4_BP_VehicleAI_pickup_C_UAID_E08F4CF5208A907A02_1634051748,143,223,79
SM_vehTruck_vehicle04_No_Wheel_5_BP_VehicleAI_pickup_C_UAID_E08F4CF5208A907A02_1634051748,143,223,110
SM_All_Trans_vehTruck_vehicle04_6_BP_VehicleAI_pickup_C_UAID_E08F4CF5208A907A02_1634051748,143,79,255
BP_VehicleAI_SUV2_C_UAID_E08F4CF5208A8E7A02_1425313329,143,79,127
SM_Wheel_Front_R_vehCar_vehicle05_1_BP_VehicleAI_SUV2_C_UAID_E08F4CF5208A8E7A02_1425313329,143,79,191
SM_Wheel_Front_L_vehCar_vehicle05_2_BP_VehicleAI_SUV2_C_UAID_E08F4CF5208A8E7A02_1425313329,143,79,95
SM_Wheel_Rear_L_vehCar_vehicle05_3_BP_VehicleAI_SUV2_C_UAID_E08F4CF5208A8E7A02_1425313329,143,79,159
SM_Wheel_Rear_R_vehCar_vehicle05_4_BP_VehicleAI_SUV2_C_UAID_E08F4CF5208A8E7A02_1425313329,143,79,223
SM_vehCar_vehicle05_No_Wheel_5_BP_VehicleAI_SUV2_C_UAID_E08F4CF5208A8E7A02_1425313329,143,79,79
SM_All_Trans_vehCar_vehicle05_6_BP_VehicleAI_SUV2_C_UAID_E08F4CF5208A8E7A02_1425313329,143,79,110
BP_VehicleAI_taxi_C_UAID_E08F4CF5208A907A02_1633947739,143,110,255
SM_Wheel_Front_R_vehCar_vehicle12_1_BP_VehicleAI_taxi_C_UAID_E08F4CF5208A907A02_1633947739,143,110,127
SM_Wheel_Front_L_vehCar_vehicle12_2_BP_VehicleAI_taxi_C_UAID_E08F4CF5208A907A02_1633947739,143,110,191
SM_Wheel_Rear_L_vehCar_vehicle12_3_BP_VehicleAI_taxi_C_UAID_E08F4CF5208A907A02_1633947739,143,110,95
SM_Wheel_Rear_R_vehCar_vehicle12_4_BP_VehicleAI_taxi_C_UAID_E08F4CF5208A907A02_1633947739,143,110,159
SM_vehCar_vehicle12_No_Wheel_5_BP_VehicleAI_taxi_C_UAID_E08F4CF5208A907A02_1633947739,143,110,223
SM_All_Trans_vehCar_vehicle12_6_BP_VehicleAI_taxi_C_UAID_E08F4CF5208A907A02_1633947739,143,110,79
BP_VehicleAI_SUV1_C_UAID_E08F4CF5208A8C7A02_1212335120,143,110,110
SM_Wheel_Front_R_vehCar_vehicle02_1_BP_VehicleAI_SUV1_C_UAID_E08F4CF5208A8C7A02_1212335120,143,255,143
SM_Wheel_Front_L_vehCar_vehicle02_2_BP_VehicleAI_SUV1_C_UAID_E08F4CF5208A8C7A02_1212335120,143,127,143
SM_Wheel_Rear_L_vehCar_vehicle02_3_BP_VehicleAI_SUV1_C_UAID_E08F4CF5208A8C7A02_1212335120,143,191,143
SM_Wheel_Rear_R_vehCar_vehicle02_4_BP_VehicleAI_SUV1_C_UAID_E08F4CF5208A8C7A02_1212335120,143,95,143
SM_vehCar_vehicle02_No_Wheel_5_BP_VehicleAI_SUV1_C_UAID_E08F4CF5208A8C7A02_1212335120,143,159,143
SM_All_Trans_vehCar_vehicle02_6_BP_VehicleAI_SUV1_C_UAID_E08F4CF5208A8C7A02_1212335120,143,223,143
BP_VehicleAI_sedan2_C_UAID_E08F4CF5208A907A02_1633924737,143,79,143
SM_Wheel_Front_R_vehCar_vehicle07_1_BP_VehicleAI_sedan2_C_UAID_E08F4CF5208A907A02_1633924737,143,110,143
SM_Wheel_Front_L_vehCar_vehicle07_2_BP_VehicleAI_sedan2_C_UAID_E08F4CF5208A907A02_1633924737,143,143,255
SM_Wheel_Rear_L_vehCar_vehicle07_3_BP_VehicleAI_sedan2_C_UAID_E08F4CF5208A907A02_1633924737,143,143,127
SM_Wheel_Rear_R_vehCar_vehicle07_4_BP_VehicleAI_sedan2_C_UAID_E08F4CF5208A907A02_1633924737,143,143,191
SM_vehCar_vehicle07_No_Wheel_5_BP_VehicleAI_sedan2_C_UAID_E08F4CF5208A907A02_1633924737,143,143,95
SM_All_Trans_vehCar_vehicle07_6_BP_VehicleAI_sedan2_C_UAID_E08F4CF5208A907A02_1633924737,143,143,159
BP_VehicleAI_SUV2_C_UAID_E08F4CF5208A907A02_1634152757,143,143,223
SM_Wheel_Front_R_vehCar_vehicle05_1_BP_VehicleAI_SUV2_C_UAID_E08F4CF5208A907A02_1634152757,143,143,79
SM_Wheel_Front_L_vehCar_vehicle05_2_BP_VehicleAI_SUV2_C_UAID_E08F4CF5208A907A02_1634152757,143,143,110
SM_Wheel_Rear_L_vehCar_vehicle05_3_BP_VehicleAI_SUV2_C_UAID_E08F4CF5208A907A02_1634152757,143,143,143
SM_Wheel_Rear_R_vehCar_vehicle05_4_BP_VehicleAI_SUV2_C_UAID_E08F4CF5208A907A02_1634152757,255,255,175
SM_vehCar_vehicle05_No_Wheel_5_BP_VehicleAI_SUV2_C_UAID_E08F4CF5208A907A02_1634152757,255,127,175
SM_All_Trans_vehCar_vehicle05_6_BP_VehicleAI_SUV2_C_UAID_E08F4CF5208A907A02_1634152757,255,191,175
BP_VehicleAI_C_UAID_E08F4CF5208A707602_1735325817,255,95,175
SM_Wheel_Front_R_vehCar_vehicle03_1_BP_VehicleAI_C_UAID_E08F4CF5208A707602_1735325817,255,159,175
SM_Wheel_Front_L_vehCar_vehicle03_2_BP_VehicleAI_C_UAID_E08F4CF5208A707602_1735325817,255,223,175
SM_Wheel_Rear_L_vehCar_vehicle03_3_BP_VehicleAI_C_UAID_E08F4CF5208A707602_1735325817,255,79,175
SM_Wheel_Rear_R_vehCar_vehicle03_4_BP_VehicleAI_C_UAID_E08F4CF5208A707602_1735325817,255,110,175
SM_vehCar_vehicle03_No_Wheel_5_BP_VehicleAI_C_UAID_E08F4CF5208A707602_1735325817,255,143,175
SM_All_Trans_vehCar_vehicle03_6_BP_VehicleAI_C_UAID_E08F4CF5208A707602_1735325817,127,255,175
BP_VehicleAI_policecar_C_UAID_E08F4CF5208A907A02_1634142756,127,127,175
SM_Wheel_Front_R_vehCar_vehicle13_1_BP_VehicleAI_policecar_C_UAID_E08F4CF5208A907A02_1634142756,127,191,175
SM_Wheel_Front_L_vehCar_vehicle13_2_BP_VehicleAI_policecar_C_UAID_E08F4CF5208A907A02_1634142756,127,95,175
SM_Wheel_Rear_L_vehCar_vehicle13_3_BP_VehicleAI_policecar_C_UAID_E08F4CF5208A907A02_1634142756,127,159,175
SM_Wheel_Rear_R_vehCar_vehicle13_4_BP_VehicleAI_policecar_C_UAID_E08F4CF5208A907A02_1634142756,127,223,175
SM_vehCar_vehicle13_No_Wheel_5_BP_VehicleAI_policecar_C_UAID_E08F4CF5208A907A02_1634142756,127,79,175
SM_All_Trans_vehCar_vehicle13_6_BP_VehicleAI_policecar_C_UAID_E08F4CF5208A907A02_1634142756,127,110,175
BP_VehicleAI_C_UAID_E08F4CF5208A8C7A02_1212426129,127,143,175
SM_Wheel_Front_R_vehCar_vehicle03_1_BP_VehicleAI_C_UAID_E08F4CF5208A8C7A02_1212426129,191,255,175
SM_Wheel_Front_L_vehCar_vehicle03_2_BP_VehicleAI_C_UAID_E08F4CF5208A8C7A02_1212426129,191,127,175
SM_Wheel_Rear_L_vehCar_vehicle03_3_BP_VehicleAI_C_UAID_E08F4CF5208A8C7A02_1212426129,191,191,175
SM_Wheel_Rear_R_vehCar_vehicle03_4_BP_VehicleAI_C_UAID_E08F4CF5208A8C7A02_1212426129,191,95,175
SM_vehCar_vehicle03_No_Wheel_5_BP_VehicleAI_C_UAID_E08F4CF5208A8C7A02_1212426129,191,159,175
SM_All_Trans_vehCar_vehicle03_6_BP_VehicleAI_C_UAID_E08F4CF5208A8C7A02_1212426129,191,223,175
BP_VehicleAI_sedan2_C_UAID_E08F4CF5208A8E7A02_1425303328,191,79,175
SM_Wheel_Front_R_vehCar_vehicle07_1_BP_VehicleAI_sedan2_C_UAID_E08F4CF5208A8E7A02_1425303328,191,110,175
SM_Wheel_Front_L_vehCar_vehicle07_2_BP_VehicleAI_sedan2_C_UAID_E08F4CF5208A8E7A02_1425303328,191,143,175
SM_Wheel_Rear_L_vehCar_vehicle07_3_BP_VehicleAI_sedan2_C_UAID_E08F4CF5208A8E7A02_1425303328,95,255,175
SM_Wheel_Rear_R_vehCar_vehicle07_4_BP_VehicleAI_sedan2_C_UAID_E08F4CF5208A8E7A02_1425303328,95,127,175
SM_vehCar_vehicle07_No_Wheel_5_BP_VehicleAI_sedan2_C_UAID_E08F4CF5208A8E7A02_1425303328,95,191,175
SM_All_Trans_vehCar_vehicle07_6_BP_VehicleAI_sedan2_C_UAID_E08F4CF5208A8E7A02_1425303328,95,95,175
BP_VehicleAI_SUV2_C_UAID_E08F4CF5208A907A02_1587492700,95,159,175
SM_Wheel_Front_R_vehCar_vehicle05_1_BP_VehicleAI_SUV2_C_UAID_E08F4CF5208A907A02_1587492700,95,223,175
SM_Wheel_Front_L_vehCar_vehicle05_2_BP_VehicleAI_SUV2_C_UAID_E08F4CF5208A907A02_1587492700,95,79,175
SM_Wheel_Rear_L_vehCar_vehicle05_3_BP_VehicleAI_SUV2_C_UAID_E08F4CF5208A907A02_1587492700,95,110,175
SM_Wheel_Rear_R_vehCar_vehicle05_4_BP_VehicleAI_SUV2_C_UAID_E08F4CF5208A907A02_1587492700,95,143,175
SM_vehCar_vehicle05_No_Wheel_5_BP_VehicleAI_SUV2_C_UAID_E08F4CF5208A907A02_1587492700,159,255,175
SM_All_Trans_vehCar_vehicle05_6_BP_VehicleAI_SUV2_C_UAID_E08F4CF5208A907A02_1587492700,159,127,175
BP_VehicleAI_SUV1_C_UAID_E08F4CF5208A8E7A02_1425356333,159,191,175
SM_Wheel_Front_R_vehCar_vehicle02_1_BP_VehicleAI_SUV1_C_UAID_E08F4CF5208A8E7A02_1425356333,159,95,175
SM_Wheel_Front_L_vehCar_vehicle02_2_BP_VehicleAI_SUV1_C_UAID_E08F4CF5208A8E7A02_1425356333,159,159,175
SM_Wheel_Rear_L_vehCar_vehicle02_3_BP_VehicleAI_SUV1_C_UAID_E08F4CF5208A8E7A02_1425356333,159,223,175
SM_Wheel_Rear_R_vehCar_vehicle02_4_BP_VehicleAI_SUV1_C_UAID_E08F4CF5208A8E7A02_1425356333,159,79,175
SM_vehCar_vehicle02_No_Wheel_5_BP_VehicleAI_SUV1_C_UAID_E08F4CF5208A8E7A02_1425356333,159,110,175
SM_All_Trans_vehCar_vehicle02_6_BP_VehicleAI_SUV1_C_UAID_E08F4CF5208A8E7A02_1425356333,159,143,175
BP_VehicleAI_taxi_C_UAID_E08F4CF5208A8C7A02_1212229110,223,255,175
SM_Wheel_Front_R_vehCar_vehicle12_1_BP_VehicleAI_taxi_C_UAID_E08F4CF5208A8C7A02_1212229110,223,127,175
SM_Wheel_Front_L_vehCar_vehicle12_2_BP_VehicleAI_taxi_C_UAID_E08F4CF5208A8C7A02_1212229110,223,191,175
SM_Wheel_Rear_L_vehCar_vehicle12_3_BP_VehicleAI_taxi_C_UAID_E08F4CF5208A8C7A02_1212229110,223,95,175
SM_Wheel_Rear_R_vehCar_vehicle12_4_BP_VehicleAI_taxi_C_UAID_E08F4CF5208A8C7A02_1212229110,223,159,175
SM_vehCar_vehicle12_No_Wheel_5_BP_VehicleAI_taxi_C_UAID_E08F4CF5208A8C7A02_1212229110,223,223,175
SM_All_Trans_vehCar_vehicle12_6_BP_VehicleAI_taxi_C_UAID_E08F4CF5208A8C7A02_1212229110,223,79,175
BP_VehicleAI_policecar_C_UAID_E08F4CF5208A8E7A02_1425257324,223,110,175
SM_Wheel_Front_R_vehCar_vehicle13_1_BP_VehicleAI_policecar_C_UAID_E08F4CF5208A8E7A02_1425257324,223,143,175
SM_Wheel_Front_L_vehCar_vehicle13_2_BP_VehicleAI_policecar_C_UAID_E08F4CF5208A8E7A02_1425257324,79,255,175
SM_Wheel_Rear_L_vehCar_vehicle13_3_BP_VehicleAI_policecar_C_UAID_E08F4CF5208A8E7A02_1425257324,79,127,175
SM_Wheel_Rear_R_vehCar_vehicle13_4_BP_VehicleAI_policecar_C_UAID_E08F4CF5208A8E7A02_1425257324,79,191,175
SM_vehCar_vehicle13_No_Wheel_5_BP_VehicleAI_policecar_C_UAID_E08F4CF5208A8E7A02_1425257324,79,95,175
SM_All_Trans_vehCar_vehicle13_6_BP_VehicleAI_policecar_C_UAID_E08F4CF5208A8E7A02_1425257324,79,159,175
BP_VehicleAI_SUV2_C_UAID_E08F4CF5208A907A02_1634005744,79,223,175
SM_Wheel_Front_R_vehCar_vehicle05_1_BP_VehicleAI_SUV2_C_UAID_E08F4CF5208A907A02_1634005744,79,79,175
SM_Wheel_Front_L_vehCar_vehicle05_2_BP_VehicleAI_SUV2_C_UAID_E08F4CF5208A907A02_1634005744,79,110,175
SM_Wheel_Rear_L_vehCar_vehicle05_3_BP_VehicleAI_SUV2_C_UAID_E08F4CF5208A907A02_1634005744,79,143,175
SM_Wheel_Rear_R_vehCar_vehicle05_4_BP_VehicleAI_SUV2_C_UAID_E08F4CF5208A907A02_1634005744,110,255,175
SM_vehCar_vehicle05_No_Wheel_5_BP_VehicleAI_SUV2_C_UAID_E08F4CF5208A907A02_1634005744,110,127,175
SM_All_Trans_vehCar_vehicle05_6_BP_VehicleAI_SUV2_C_UAID_E08F4CF5208A907A02_1634005744,110,191,175
BP_VehicleAI_pickup_C_UAID_E08F4CF5208A827A02_1889040215,110,95,175
SM_Wheel_Front_R_vehTruck_vehicle04_1_BP_VehicleAI_pickup_C_UAID_E08F4CF5208A827A02_1889040215,110,159,175
SM_Wheel_Front_L_vehTruck_vehicle04_2_BP_VehicleAI_pickup_C_UAID_E08F4CF5208A827A02_1889040215,110,223,175
SM_Wheel_Rear_L_vehTruck_vehicle04_3_BP_VehicleAI_pickup_C_UAID_E08F4CF5208A827A02_1889040215,110,79,175
SM_Wheel_Rear_R_vehTruck_vehicle04_4_BP_VehicleAI_pickup_C_UAID_E08F4CF5208A827A02_1889040215,110,110,175
SM_vehTruck_vehicle04_No_Wheel_5_BP_VehicleAI_pickup_C_UAID_E08F4CF5208A827A02_1889040215,110,143,175
SM_All_Trans_vehTruck_vehicle04_6_BP_VehicleAI_pickup_C_UAID_E08F4CF5208A827A02_1889040215,143,255,175
BP_VehicleAI_sportscar_C_UAID_E08F4CF5208A8E7A02_1425335331,143,127,175
SM_Wheel_Front_R_vehCar_vehicle06_1_BP_VehicleAI_sportscar_C_UAID_E08F4CF5208A8E7A02_1425335331,143,191,175
SM_Wheel_Front_L_vehCar_vehicle06_2_BP_VehicleAI_sportscar_C_UAID_E08F4CF5208A8E7A02_1425335331,143,95,175
SM_Wheel_Rear_L_vehCar_vehicle06_3_BP_VehicleAI_sportscar_C_UAID_E08F4CF5208A8E7A02_1425335331,143,159,175
SM_Wheel_Rear_R_vehCar_vehicle06_4_BP_VehicleAI_sportscar_C_UAID_E08F4CF5208A8E7A02_1425335331,143,223,175
SM_vehCar_vehicle06_No_Wheel_5_BP_VehicleAI_sportscar_C_UAID_E08F4CF5208A8E7A02_1425335331,143,79,175
SM_All_Trans_vehCar_vehicle06_6_BP_VehicleAI_sportscar_C_UAID_E08F4CF5208A8E7A02_1425335331,143,110,175
BP_VehicleAI_pickup_C_UAID_E08F4CF5208A907A02_1634341773,143,143,175
SM_Wheel_Front_R_vehTruck_vehicle04_1_BP_VehicleAI_pickup_C_UAID_E08F4CF5208A907A02_1634341773,255,175,255
SM_Wheel_Front_L_vehTruck_vehicle04_2_BP_VehicleAI_pickup_C_UAID_E08F4CF5208A907A02_1634341773,255,175,127
SM_Wheel_Rear_L_vehTruck_vehicle04_3_BP_VehicleAI_pickup_C_UAID_E08F4CF5208A907A02_1634341773,255,175,191
SM_Wheel_Rear_R_vehTruck_vehicle04_4_BP_VehicleAI_pickup_C_UAID_E08F4CF5208A907A02_1634341773,255,175,95
SM_vehTruck_vehicle04_No_Wheel_5_BP_VehicleAI_pickup_C_UAID_E08F4CF5208A907A02_1634341773,255,175,159
SM_All_Trans_vehTruck_vehicle04_6_BP_VehicleAI_pickup_C_UAID_E08F4CF5208A907A02_1634341773,255,175,223
BP_VehicleAI_SUV1_C_UAID_E08F4CF5208A8E7A02_1425387336,255,175,79
SM_Wheel_Front_R_vehCar_vehicle02_1_BP_VehicleAI_SUV1_C_UAID_E08F4CF5208A8E7A02_1425387336,255,175,110
SM_Wheel_Front_L_vehCar_vehicle02_2_BP_VehicleAI_SUV1_C_UAID_E08F4CF5208A8E7A02_1425387336,255,175,143
SM_Wheel_Rear_L_vehCar_vehicle02_3_BP_VehicleAI_SUV1_C_UAID_E08F4CF5208A8E7A02_1425387336,127,175,255
SM_Wheel_Rear_R_vehCar_vehicle02_4_BP_VehicleAI_SUV1_C_UAID_E08F4CF5208A8E7A02_1425387336,127,175,127
SM_vehCar_vehicle02_No_Wheel_5_BP_VehicleAI_SUV1_C_UAID_E08F4CF5208A8E7A02_1425387336,127,175,191
SM_All_Trans_vehCar_vehicle02_6_BP_VehicleAI_SUV1_C_UAID_E08F4CF5208A8E7A02_1425387336,127,175,95
BP_VehicleAI_pickup_C_UAID_E08F4CF5208A907A02_1587539704,127,175,159
SM_Wheel_Front_R_vehTruck_vehicle04_1_BP_VehicleAI_pickup_C_UAID_E08F4CF5208A907A02_1587539704,127,175,223
SM_Wheel_Front_L_vehTruck_vehicle04_2_BP_VehicleAI_pickup_C_UAID_E08F4CF5208A907A02_1587539704,127,175,79
SM_Wheel_Rear_L_vehTruck_vehicle04_3_BP_VehicleAI_pickup_C_UAID_E08F4CF5208A907A02_1587539704,127,175,110
SM_Wheel_Rear_R_vehTruck_vehicle04_4_BP_VehicleAI_pickup_C_UAID_E08F4CF5208A907A02_1587539704,127,175,143
SM_vehTruck_vehicle04_No_Wheel_5_BP_VehicleAI_pickup_C_UAID_E08F4CF5208A907A02_1587539704,191,175,255
SM_All_Trans_vehTruck_vehicle04_6_BP_VehicleAI_pickup_C_UAID_E08F4CF5208A907A02_1587539704,191,175,127
BP_VehicleAI_policecar_C_UAID_E08F4CF5208A907A02_1587192674,191,175,191
SM_Wheel_Front_R_vehCar_vehicle13_1_BP_VehicleAI_policecar_C_UAID_E08F4CF5208A907A02_1587192674,191,175,95
SM_Wheel_Front_L_vehCar_vehicle13_2_BP_VehicleAI_policecar_C_UAID_E08F4CF5208A907A02_1587192674,191,175,159
SM_Wheel_Rear_L_vehCar_vehicle13_3_BP_VehicleAI_policecar_C_UAID_E08F4CF5208A907A02_1587192674,191,175,223
SM_Wheel_Rear_R_vehCar_vehicle13_4_BP_VehicleAI_policecar_C_UAID_E08F4CF5208A907A02_1587192674,191,175,79
SM_vehCar_vehicle13_No_Wheel_5_BP_VehicleAI_policecar_C_UAID_E08F4CF5208A907A02_1587192674,191,175,110
SM_All_Trans_vehCar_vehicle13_6_BP_VehicleAI_policecar_C_UAID_E08F4CF5208A907A02_1587192674,191,175,143
BP_VehicleAI_C_UAID_E08F4CF5208A907A02_1634305770,95,175,255
SM_Wheel_Front_R_vehCar_vehicle03_1_BP_VehicleAI_C_UAID_E08F4CF5208A907A02_1634305770,95,175,127
SM_Wheel_Front_L_vehCar_vehicle03_2_BP_VehicleAI_C_UAID_E08F4CF5208A907A02_1634305770,95,175,191
SM_Wheel_Rear_L_vehCar_vehicle03_3_BP_VehicleAI_C_UAID_E08F4CF5208A907A02_1634305770,95,175,95
SM_Wheel_Rear_R_vehCar_vehicle03_4_BP_VehicleAI_C_UAID_E08F4CF5208A907A02_1634305770,95,175,159
SM_vehCar_vehicle03_No_Wheel_5_BP_VehicleAI_C_UAID_E08F4CF5208A907A02_1634305770,95,175,223
SM_All_Trans_vehCar_vehicle03_6_BP_VehicleAI_C_UAID_E08F4CF5208A907A02_1634305770,95,175,79
BP_VehicleAI_policecar_C_UAID_E08F4CF5208A907A02_1633993743,95,175,110
SM_Wheel_Front_R_vehCar_vehicle13_1_BP_VehicleAI_policecar_C_UAID_E08F4CF5208A907A02_1633993743,95,175,143
SM_Wheel_Front_L_vehCar_vehicle13_2_BP_VehicleAI_policecar_C_UAID_E08F4CF5208A907A02_1633993743,159,175,255
SM_Wheel_Rear_L_vehCar_vehicle13_3_BP_VehicleAI_policecar_C_UAID_E08F4CF5208A907A02_1633993743,159,175,127
SM_Wheel_Rear_R_vehCar_vehicle13_4_BP_VehicleAI_policecar_C_UAID_E08F4CF5208A907A02_1633993743,159,175,191
SM_vehCar_vehicle13_No_Wheel_5_BP_VehicleAI_policecar_C_UAID_E08F4CF5208A907A02_1633993743,159,175,95
SM_All_Trans_vehCar_vehicle13_6_BP_VehicleAI_policecar_C_UAID_E08F4CF5208A907A02_1633993743,159,175,159
BP_VehicleAI_sportscar_C_UAID_E08F4CF5208A8E7A02_1425324330,159,175,223
SM_Wheel_Front_R_vehCar_vehicle06_1_BP_VehicleAI_sportscar_C_UAID_E08F4CF5208A8E7A02_1425324330,159,175,79
SM_Wheel_Front_L_vehCar_vehicle06_2_BP_VehicleAI_sportscar_C_UAID_E08F4CF5208A8E7A02_1425324330,159,175,110
SM_Wheel_Rear_L_vehCar_vehicle06_3_BP_VehicleAI_sportscar_C_UAID_E08F4CF5208A8E7A02_1425324330,159,175,143
SM_Wheel_Rear_R_vehCar_vehicle06_4_BP_VehicleAI_sportscar_C_UAID_E08F4CF5208A8E7A02_1425324330,223,175,255
SM_vehCar_vehicle06_No_Wheel_5_BP_VehicleAI_sportscar_C_UAID_E08F4CF5208A8E7A02_1425324330,223,175,127
SM_All_Trans_vehCar_vehicle06_6_BP_VehicleAI_sportscar_C_UAID_E08F4CF5208A8E7A02_1425324330,223,175,191
BP_VehicleAI_taxi_C_UAID_E08F4CF5208A8E7A02_1425487345,223,175,95
SM_Wheel_Front_R_vehCar_vehicle12_1_BP_VehicleAI_taxi_C_UAID_E08F4CF5208A8E7A02_1425487345,223,175,159
SM_Wheel_Front_L_vehCar_vehicle12_2_BP_VehicleAI_taxi_C_UAID_E08F4CF5208A8E7A02_1425487345,223,175,223
SM_Wheel_Rear_L_vehCar_vehicle12_3_BP_VehicleAI_taxi_C_UAID_E08F4CF5208A8E7A02_1425487345,223,175,79
SM_Wheel_Rear_R_vehCar_vehicle12_4_BP_VehicleAI_taxi_C_UAID_E08F4CF5208A8E7A02_1425487345,223,175,110
SM_vehCar_vehicle12_No_Wheel_5_BP_VehicleAI_taxi_C_UAID_E08F4CF5208A8E7A02_1425487345,223,175,143
SM_All_Trans_vehCar_vehicle12_6_BP_VehicleAI_taxi_C_UAID_E08F4CF5208A8E7A02_1425487345,79,175,255
BP_VehicleAI_sportscar_C_UAID_E08F4CF5208A907A02_1587469698,79,175,127
SM_Wheel_Front_R_vehCar_vehicle06_1_BP_VehicleAI_sportscar_C_UAID_E08F4CF5208A907A02_1587469698,79,175,191
SM_Wheel_Front_L_vehCar_vehicle06_2_BP_VehicleAI_sportscar_C_UAID_E08F4CF5208A907A02_1587469698,79,175,95
SM_Wheel_Rear_L_vehCar_vehicle06_3_BP_VehicleAI_sportscar_C_UAID_E08F4CF5208A907A02_1587469698,79,175,159
SM_Wheel_Rear_R_vehCar_vehicle06_4_BP_VehicleAI_sportscar_C_UAID_E08F4CF5208A907A02_1587469698,79,175,223
SM_vehCar_vehicle06_No_Wheel_5_BP_VehicleAI_sportscar_C_UAID_E08F4CF5208A907A02_1587469698,79,175,79
SM_All_Trans_vehCar_vehicle06_6_BP_VehicleAI_sportscar_C_UAID_E08F4CF5208A907A02_1587469698,79,175,110
BP_VehicleAI_C_UAID_E08F4CF5208A8E7A02_1425281326,79,175,143
SM_Wheel_Front_R_vehCar_vehicle03_1_BP_VehicleAI_C_UAID_E08F4CF5208A8E7A02_1425281326,110,175,255
SM_Wheel_Front_L_vehCar_vehicle03_2_BP_VehicleAI_C_UAID_E08F4CF5208A8E7A02_1425281326,110,175,127
SM_Wheel_Rear_L_vehCar_vehicle03_3_BP_VehicleAI_C_UAID_E08F4CF5208A8E7A02_1425281326,110,175,191
SM_Wheel_Rear_R_vehCar_vehicle03_4_BP_VehicleAI_C_UAID_E08F4CF5208A8E7A02_1425281326,110,175,95
SM_vehCar_vehicle03_No_Wheel_5_BP_VehicleAI_C_UAID_E08F4CF5208A8E7A02_1425281326,110,175,159
SM_All_Trans_vehCar_vehicle03_6_BP_VehicleAI_C_UAID_E08F4CF5208A8E7A02_1425281326,110,175,223
BP_VehicleAI_C_UAID_E08F4CF5208A8E7A02_1425544350,110,175,79
SM_Wheel_Front_R_vehCar_vehicle03_1_BP_VehicleAI_C_UAID_E08F4CF5208A8E7A02_1425544350,110,175,110
SM_Wheel_Front_L_vehCar_vehicle03_2_BP_VehicleAI_C_UAID_E08F4CF5208A8E7A02_1425544350,110,175,143
SM_Wheel_Rear_L_vehCar_vehicle03_3_BP_VehicleAI_C_UAID_E08F4CF5208A8E7A02_1425544350,143,175,255
SM_Wheel_Rear_R_vehCar_vehicle03_4_BP_VehicleAI_C_UAID_E08F4CF5208A8E7A02_1425544350,143,175,127
SM_vehCar_vehicle03_No_Wheel_5_BP_VehicleAI_C_UAID_E08F4CF5208A8E7A02_1425544350,143,175,191
SM_All_Trans_vehCar_vehicle03_6_BP_VehicleAI_C_UAID_E08F4CF5208A8E7A02_1425544350,143,175,95
BP_VehicleAI_sportscar_C_UAID_E08F4CF5208A8E7A02_1425214320,143,175,159
SM_Wheel_Front_R_vehCar_vehicle06_1_BP_VehicleAI_sportscar_C_UAID_E08F4CF5208A8E7A02_1425214320,143,175,223
SM_Wheel_Front_L_vehCar_vehicle06_2_BP_VehicleAI_sportscar_C_UAID_E08F4CF5208A8E7A02_1425214320,143,175,79
SM_Wheel_Rear_L_vehCar_vehicle06_3_BP_VehicleAI_sportscar_C_UAID_E08F4CF5208A8E7A02_1425214320,143,175,110
SM_Wheel_Rear_R_vehCar_vehicle06_4_BP_VehicleAI_sportscar_C_UAID_E08F4CF5208A8E7A02_1425214320,143,175,143
SM_vehCar_vehicle06_No_Wheel_5_BP_VehicleAI_sportscar_C_UAID_E08F4CF5208A8E7A02_1425214320,255,175,175
SM_All_Trans_vehCar_vehicle06_6_BP_VehicleAI_sportscar_C_UAID_E08F4CF5208A8E7A02_1425214320,127,175,175
BP_VehicleAI_SUV1_C_UAID_E08F4CF5208A817A02_2080892033,191,175,175
SM_Wheel_Front_R_vehCar_vehicle02_1_BP_VehicleAI_SUV1_C_UAID_E08F4CF5208A817A02_2080892033,95,175,175
SM_Wheel_Front_L_vehCar_vehicle02_2_BP_VehicleAI_SUV1_C_UAID_E08F4CF5208A817A02_2080892033,159,175,175
SM_Wheel_Rear_L_vehCar_vehicle02_3_BP_VehicleAI_SUV1_C_UAID_E08F4CF5208A817A02_2080892033,223,175,175
SM_Wheel_Rear_R_vehCar_vehicle02_4_BP_VehicleAI_SUV1_C_UAID_E08F4CF5208A817A02_2080892033,79,175,175
SM_vehCar_vehicle02_No_Wheel_5_BP_VehicleAI_SUV1_C_UAID_E08F4CF5208A817A02_2080892033,110,175,175
SM_All_Trans_vehCar_vehicle02_6_BP_VehicleAI_SUV1_C_UAID_E08F4CF5208A817A02_2080892033,143,175,175
BP_VehicleAI_sedan2_C_UAID_E08F4CF5208A907A02_1587283682,175,255,255
SM_Wheel_Front_R_vehCar_vehicle07_1_BP_VehicleAI_sedan2_C_UAID_E08F4CF5208A907A02_1587283682,175,255,127
SM_Wheel_Front_L_vehCar_vehicle07_2_BP_VehicleAI_sedan2_C_UAID_E08F4CF5208A907A02_1587283682,175,255,191
SM_Wheel_Rear_L_vehCar_vehicle07_3_BP_VehicleAI_sedan2_C_UAID_E08F4CF5208A907A02_1587283682,175,255,95
SM_Wheel_Rear_R_vehCar_vehicle07_4_BP_VehicleAI_sedan2_C_UAID_E08F4CF5208A907A02_1587283682,175,255,159
SM_vehCar_vehicle07_No_Wheel_5_BP_VehicleAI_sedan2_C_UAID_E08F4CF5208A907A02_1587283682,175,255,223
SM_All_Trans_vehCar_vehicle07_6_BP_VehicleAI_sedan2_C_UAID_E08F4CF5208A907A02_1587283682,175,255,79
BP_VehicleAI_pickup_C_UAID_E08F4CF5208A907A02_1634120754,175,255,110
SM_Wheel_Front_R_vehTruck_vehicle04_1_BP_VehicleAI_pickup_C_UAID_E08F4CF5208A907A02_1634120754,175,255,143
SM_Wheel_Front_L_vehTruck_vehicle04_2_BP_VehicleAI_pickup_C_UAID_E08F4CF5208A907A02_1634120754,175,127,255
SM_Wheel_Rear_L_vehTruck_vehicle04_3_BP_VehicleAI_pickup_C_UAID_E08F4CF5208A907A02_1634120754,175,127,127
SM_Wheel_Rear_R_vehTruck_vehicle04_4_BP_VehicleAI_pickup_C_UAID_E08F4CF5208A907A02_1634120754,175,127,191
SM_vehTruck_vehicle04_No_Wheel_5_BP_VehicleAI_pickup_C_UAID_E08F4CF5208A907A02_1634120754,175,127,95
SM_All_Trans_vehTruck_vehicle04_6_BP_VehicleAI_pickup_C_UAID_E08F4CF5208A907A02_1634120754,175,127,159
BP_VehicleAI_policecar_C_UAID_E08F4CF5208A907A02_1634085751,175,127,223
SM_Wheel_Front_R_vehCar_vehicle13_1_BP_VehicleAI_policecar_C_UAID_E08F4CF5208A907A02_1634085751,175,127,79
SM_Wheel_Front_L_vehCar_vehicle13_2_BP_VehicleAI_policecar_C_UAID_E08F4CF5208A907A02_1634085751,175,127,110
SM_Wheel_Rear_L_vehCar_vehicle13_3_BP_VehicleAI_policecar_C_UAID_E08F4CF5208A907A02_1634085751,175,127,143
SM_Wheel_Rear_R_vehCar_vehicle13_4_BP_VehicleAI_policecar_C_UAID_E08F4CF5208A907A02_1634085751,175,191,255
SM_vehCar_vehicle13_No_Wheel_5_BP_VehicleAI_policecar_C_UAID_E08F4CF5208A907A02_1634085751,175,191,127
SM_All_Trans_vehCar_vehicle13_6_BP_VehicleAI_policecar_C_UAID_E08F4CF5208A907A02_1634085751,175,191,191
BP_VehicleAI_policecar_C_UAID_E08F4CF5208A8E7A02_1425345332,175,191,95
SM_Wheel_Front_R_vehCar_vehicle13_1_BP_VehicleAI_policecar_C_UAID_E08F4CF5208A8E7A02_1425345332,175,191,159
SM_Wheel_Front_L_vehCar_vehicle13_2_BP_VehicleAI_policecar_C_UAID_E08F4CF5208A8E7A02_1425345332,175,191,223
SM_Wheel_Rear_L_vehCar_vehicle13_3_BP_VehicleAI_policecar_C_UAID_E08F4CF5208A8E7A02_1425345332,175,191,79
SM_Wheel_Rear_R_vehCar_vehicle13_4_BP_VehicleAI_policecar_C_UAID_E08F4CF5208A8E7A02_1425345332,175,191,110
SM_vehCar_vehicle13_No_Wheel_5_BP_VehicleAI_policecar_C_UAID_E08F4CF5208A8E7A02_1425345332,175,191,143
SM_All_Trans_vehCar_vehicle13_6_BP_VehicleAI_policecar_C_UAID_E08F4CF5208A8E7A02_1425345332,175,95,255
BP_VehicleAI_taxi_C_UAID_E08F4CF5208A907A02_1587505701,175,95,127
SM_Wheel_Front_R_vehCar_vehicle12_1_BP_VehicleAI_taxi_C_UAID_E08F4CF5208A907A02_1587505701,175,95,191
SM_Wheel_Front_L_vehCar_vehicle12_2_BP_VehicleAI_taxi_C_UAID_E08F4CF5208A907A02_1587505701,175,95,95
SM_Wheel_Rear_L_vehCar_vehicle12_3_BP_VehicleAI_taxi_C_UAID_E08F4CF5208A907A02_1587505701,175,95,159
SM_Wheel_Rear_R_vehCar_vehicle12_4_BP_VehicleAI_taxi_C_UAID_E08F4CF5208A907A02_1587505701,175,95,223
SM_vehCar_vehicle12_No_Wheel_5_BP_VehicleAI_taxi_C_UAID_E08F4CF5208A907A02_1587505701,175,95,79
SM_All_Trans_vehCar_vehicle12_6_BP_VehicleAI_taxi_C_UAID_E08F4CF5208A907A02_1587505701,175,95,110
BP_VehicleAI_sedan2_C_UAID_E08F4CF5208A907A02_1587595709,175,95,143
SM_Wheel_Front_R_vehCar_vehicle07_1_BP_VehicleAI_sedan2_C_UAID_E08F4CF5208A907A02_1587595709,175,159,255
SM_Wheel_Front_L_vehCar_vehicle07_2_BP_VehicleAI_sedan2_C_UAID_E08F4CF5208A907A02_1587595709,175,159,127
SM_Wheel_Rear_L_vehCar_vehicle07_3_BP_VehicleAI_sedan2_C_UAID_E08F4CF5208A907A02_1587595709,175,159,191
SM_Wheel_Rear_R_vehCar_vehicle07_4_BP_VehicleAI_sedan2_C_UAID_E08F4CF5208A907A02_1587595709,175,159,95
SM_vehCar_vehicle07_No_Wheel_5_BP_VehicleAI_sedan2_C_UAID_E08F4CF5208A907A02_1587595709,175,159,159
SM_All_Trans_vehCar_vehicle07_6_BP_VehicleAI_sedan2_C_UAID_E08F4CF5208A907A02_1587595709,175,159,223
BP_VehicleAI_taxi_C_UAID_E08F4CF5208A8C7A02_1212448131,175,159,79
SM_Wheel_Front_R_vehCar_vehicle12_1_BP_VehicleAI_taxi_C_UAID_E08F4CF5208A8C7A02_1212448131,175,159,110
SM_Wheel_Front_L_vehCar_vehicle12_2_BP_VehicleAI_taxi_C_UAID_E08F4CF5208A8C7A02_1212448131,175,159,143
SM_Wheel_Rear_L_vehCar_vehicle12_3_BP_VehicleAI_taxi_C_UAID_E08F4CF5208A8C7A02_1212448131,175,223,255
SM_Wheel_Rear_R_vehCar_vehicle12_4_BP_VehicleAI_taxi_C_UAID_E08F4CF5208A8C7A02_1212448131,175,223,127
SM_vehCar_vehicle12_No_Wheel_5_BP_VehicleAI_taxi_C_UAID_E08F4CF5208A8C7A02_1212448131,175,223,191
SM_All_Trans_vehCar_vehicle12_6_BP_VehicleAI_taxi_C_UAID_E08F4CF5208A8C7A02_1212448131,175,223,95
BP_VehicleAI_SUV1_C_UAID_E08F4CF5208A8C7A02_1212313118,175,223,159
SM_Wheel_Front_R_vehCar_vehicle02_1_BP_VehicleAI_SUV1_C_UAID_E08F4CF5208A8C7A02_1212313118,175,223,223
SM_Wheel_Front_L_vehCar_vehicle02_2_BP_VehicleAI_SUV1_C_UAID_E08F4CF5208A8C7A02_1212313118,175,223,79
SM_Wheel_Rear_L_vehCar_vehicle02_3_BP_VehicleAI_SUV1_C_UAID_E08F4CF5208A8C7A02_1212313118,175,223,110
SM_Wheel_Rear_R_vehCar_vehicle02_4_BP_VehicleAI_SUV1_C_UAID_E08F4CF5208A8C7A02_1212313118,175,223,143
SM_vehCar_vehicle02_No_Wheel_5_BP_VehicleAI_SUV1_C_UAID_E08F4CF5208A8C7A02_1212313118,175,79,255
SM_All_Trans_vehCar_vehicle02_6_BP_VehicleAI_SUV1_C_UAID_E08F4CF5208A8C7A02_1212313118,175,79,127
BP_VehicleAI_policecar_C_UAID_E08F4CF5208A907A02_1587458697,175,79,191
SM_Wheel_Front_R_vehCar_vehicle13_1_BP_VehicleAI_policecar_C_UAID_E08F4CF5208A907A02_1587458697,175,79,95
SM_Wheel_Front_L_vehCar_vehicle13_2_BP_VehicleAI_policecar_C_UAID_E08F4CF5208A907A02_1587458697,175,79,159
SM_Wheel_Rear_L_vehCar_vehicle13_3_BP_VehicleAI_policecar_C_UAID_E08F4CF5208A907A02_1587458697,175,79,223
SM_Wheel_Rear_R_vehCar_vehicle13_4_BP_VehicleAI_policecar_C_UAID_E08F4CF5208A907A02_1587458697,175,79,79
SM_vehCar_vehicle13_No_Wheel_5_BP_VehicleAI_policecar_C_UAID_E08F4CF5208A907A02_1587458697,175,79,110
SM_All_Trans_vehCar_vehicle13_6_BP_VehicleAI_policecar_C_UAID_E08F4CF5208A907A02_1587458697,175,79,143
BP_VehicleAI_sportscar_C_UAID_E08F4CF5208A8C7A02_1212469133,175,110,255
SM_Wheel_Front_R_vehCar_vehicle06_1_BP_VehicleAI_sportscar_C_UAID_E08F4CF5208A8C7A02_1212469133,175,110,127
SM_Wheel_Front_L_vehCar_vehicle06_2_BP_VehicleAI_sportscar_C_UAID_E08F4CF5208A8C7A02_1212469133,175,110,191
SM_Wheel_Rear_L_vehCar_vehicle06_3_BP_VehicleAI_sportscar_C_UAID_E08F4CF5208A8C7A02_1212469133,175,110,95
SM_Wheel_Rear_R_vehCar_vehicle06_4_BP_VehicleAI_sportscar_C_UAID_E08F4CF5208A8C7A02_1212469133,175,110,159
SM_vehCar_vehicle06_No_Wheel_5_BP_VehicleAI_sportscar_C_UAID_E08F4CF5208A8C7A02_1212469133,175,110,223
SM_All_Trans_vehCar_vehicle06_6_BP_VehicleAI_sportscar_C_UAID_E08F4CF5208A8C7A02_1212469133,175,110,79
BP_VehicleAI_SUV2_C_UAID_E08F4CF5208A907A02_1634184760,175,110,110
SM_Wheel_Front_R_vehCar_vehicle05_1_BP_VehicleAI_SUV2_C_UAID_E08F4CF5208A907A02_1634184760,175,110,143
SM_Wheel_Front_L_vehCar_vehicle05_2_BP_VehicleAI_SUV2_C_UAID_E08F4CF5208A907A02_1634184760,175,143,255
SM_Wheel_Rear_L_vehCar_vehicle05_3_BP_VehicleAI_SUV2_C_UAID_E08F4CF5208A907A02_1634184760,175,143,127
SM_Wheel_Rear_R_vehCar_vehicle05_4_BP_VehicleAI_SUV2_C_UAID_E08F4CF5208A907A02_1634184760,175,143,191
SM_vehCar_vehicle05_No_Wheel_5_BP_VehicleAI_SUV2_C_UAID_E08F4CF5208A907A02_1634184760,175,143,95
SM_All_Trans_vehCar_vehicle05_6_BP_VehicleAI_SUV2_C_UAID_E08F4CF5208A907A02_1634184760,175,143,159
BP_VehicleAI_pickup_C_UAID_E08F4CF5208A8C7A02_1212197108,175,143,223
SM_Wheel_Front_R_vehTruck_vehicle04_1_BP_VehicleAI_pickup_C_UAID_E08F4CF5208A8C7A02_1212197108,175,143,79
SM_Wheel_Front_L_vehTruck_vehicle04_2_BP_VehicleAI_pickup_C_UAID_E08F4CF5208A8C7A02_1212197108,175,143,110
SM_Wheel_Rear_L_vehTruck_vehicle04_3_BP_VehicleAI_pickup_C_UAID_E08F4CF5208A8C7A02_1212197108,175,143,143
SM_Wheel_Rear_R_vehTruck_vehicle04_4_BP_VehicleAI_pickup_C_UAID_E08F4CF5208A8C7A02_1212197108,175,255,175
SM_vehTruck_vehicle04_No_Wheel_5_BP_VehicleAI_pickup_C_UAID_E08F4CF5208A8C7A02_1212197108,175,127,175
SM_All_Trans_vehTruck_vehicle04_6_BP_VehicleAI_pickup_C_UAID_E08F4CF5208A8C7A02_1212197108,175,191,175
BP_VehicleAI_sportscar_C_UAID_E08F4CF5208A907A02_1587317685,175,95,175
SM_Wheel_Front_R_vehCar_vehicle06_1_BP_VehicleAI_sportscar_C_UAID_E08F4CF5208A907A02_1587317685,175,159,175
SM_Wheel_Front_L_vehCar_vehicle06_2_BP_VehicleAI_sportscar_C_UAID_E08F4CF5208A907A02_1587317685,175,223,175
SM_Wheel_Rear_L_vehCar_vehicle06_3_BP_VehicleAI_sportscar_C_UAID_E08F4CF5208A907A02_1587317685,175,79,175
SM_Wheel_Rear_R_vehCar_vehicle06_4_BP_VehicleAI_sportscar_C_UAID_E08F4CF5208A907A02_1587317685,175,110,175
SM_vehCar_vehicle06_No_Wheel_5_BP_VehicleAI_sportscar_C_UAID_E08F4CF5208A907A02_1587317685,175,143,175
SM_All_Trans_vehCar_vehicle06_6_BP_VehicleAI_sportscar_C_UAID_E08F4CF5208A907A02_1587317685,175,175,255
BP_VehicleAI_SUV2_C_UAID_E08F4CF5208A907A02_1587606710,175,175,127
SM_Wheel_Front_R_vehCar_vehicle05_1_BP_VehicleAI_SUV2_C_UAID_E08F4CF5208A907A02_1587606710,175,175,191
SM_Wheel_Front_L_vehCar_vehicle05_2_BP_VehicleAI_SUV2_C_UAID_E08F4CF5208A907A02_1587606710,175,175,95
SM_Wheel_Rear_L_vehCar_vehicle05_3_BP_VehicleAI_SUV2_C_UAID_E08F4CF5208A907A02_1587606710,175,175,159
SM_Wheel_Rear_R_vehCar_vehicle05_4_BP_VehicleAI_SUV2_C_UAID_E08F4CF5208A907A02_1587606710,175,175,223
SM_vehCar_vehicle05_No_Wheel_5_BP_VehicleAI_SUV2_C_UAID_E08F4CF5208A907A02_1587606710,175,175,79
SM_All_Trans_vehCar_vehicle05_6_BP_VehicleAI_SUV2_C_UAID_E08F4CF5208A907A02_1587606710,175,175,110
BP_VehicleAI_sedan2_C_UAID_E08F4CF5208A8C7A02_1212261113,175,175,143
SM_Wheel_Front_R_vehCar_vehicle07_1_BP_VehicleAI_sedan2_C_UAID_E08F4CF5208A8C7A02_1212261113,175,175,175
SM_Wheel_Front_L_vehCar_vehicle07_2_BP_VehicleAI_sedan2_C_UAID_E08F4CF5208A8C7A02_1212261113,255,255,207
SM_Wheel_Rear_L_vehCar_vehicle07_3_BP_VehicleAI_sedan2_C_UAID_E08F4CF5208A8C7A02_1212261113,255,127,207
SM_Wheel_Rear_R_vehCar_vehicle07_4_BP_VehicleAI_sedan2_C_UAID_E08F4CF5208A8C7A02_1212261113,255,191,207
SM_vehCar_vehicle07_No_Wheel_5_BP_VehicleAI_sedan2_C_UAID_E08F4CF5208A8C7A02_1212261113,255,95,207
SM_All_Trans_vehCar_vehicle07_6_BP_VehicleAI_sedan2_C_UAID_E08F4CF5208A8C7A02_1212261113,255,159,207
BP_VehicleAI_policecar_C_UAID_E08F4CF5208A907A02_1634163758,255,223,207
SM_Wheel_Front_R_vehCar_vehicle13_1_BP_VehicleAI_policecar_C_UAID_E08F4CF5208A907A02_1634163758,255,79,207
SM_Wheel_Front_L_vehCar_vehicle13_2_BP_VehicleAI_policecar_C_UAID_E08F4CF5208A907A02_1634163758,255,110,207
SM_Wheel_Rear_L_vehCar_vehicle13_3_BP_VehicleAI_policecar_C_UAID_E08F4CF5208A907A02_1634163758,255,143,207
SM_Wheel_Rear_R_vehCar_vehicle13_4_BP_VehicleAI_policecar_C_UAID_E08F4CF5208A907A02_1634163758,255,175,207
SM_vehCar_vehicle13_No_Wheel_5_BP_VehicleAI_policecar_C_UAID_E08F4CF5208A907A02_1634163758,127,255,207
SM_All_Trans_vehCar_vehicle13_6_BP_VehicleAI_policecar_C_UAID_E08F4CF5208A907A02_1634163758,127,127,207
BP_VehicleAI_C_UAID_E08F4CF5208A907A02_1587583708,127,191,207
SM_Wheel_Front_R_vehCar_vehicle03_1_BP_VehicleAI_C_UAID_E08F4CF5208A907A02_1587583708,127,95,207
SM_Wheel_Front_L_vehCar_vehicle03_2_BP_VehicleAI_C_UAID_E08F4CF5208A907A02_1587583708,127,159,207
SM_Wheel_Rear_L_vehCar_vehicle03_3_BP_VehicleAI_C_UAID_E08F4CF5208A907A02_1587583708,127,223,207
SM_Wheel_Rear_R_vehCar_vehicle03_4_BP_VehicleAI_C_UAID_E08F4CF5208A907A02_1587583708,127,79,207
SM_vehCar_vehicle03_No_Wheel_5_BP_VehicleAI_C_UAID_E08F4CF5208A907A02_1587583708,127,110,207
SM_All_Trans_vehCar_vehicle03_6_BP_VehicleAI_C_UAID_E08F4CF5208A907A02_1587583708,127,143,207
BP_VehicleAI_SUV1_C_UAID_E08F4CF5208A907A02_1634173759,127,175,207
SM_Wheel_Front_R_vehCar_vehicle02_1_BP_VehicleAI_SUV1_C_UAID_E08F4CF5208A907A02_1634173759,191,255,207
SM_Wheel_Front_L_vehCar_vehicle02_2_BP_VehicleAI_SUV1_C_UAID_E08F4CF5208A907A02_1634173759,191,127,207
SM_Wheel_Rear_L_vehCar_vehicle02_3_BP_VehicleAI_SUV1_C_UAID_E08F4CF5208A907A02_1634173759,191,191,207
SM_Wheel_Rear_R_vehCar_vehicle02_4_BP_VehicleAI_SUV1_C_UAID_E08F4CF5208A907A02_1634173759,191,95,207
SM_vehCar_vehicle02_No_Wheel_5_BP_VehicleAI_SUV1_C_UAID_E08F4CF5208A907A02_1634173759,191,159,207
SM_All_Trans_vehCar_vehicle02_6_BP_VehicleAI_SUV1_C_UAID_E08F4CF5208A907A02_1634173759,191,223,207
BP_VehicleAI_SUV2_C_UAID_E08F4CF5208A907A02_1587561706,191,79,207
SM_Wheel_Front_R_vehCar_vehicle05_1_BP_VehicleAI_SUV2_C_UAID_E08F4CF5208A907A02_1587561706,191,110,207
SM_Wheel_Front_L_vehCar_vehicle05_2_BP_VehicleAI_SUV2_C_UAID_E08F4CF5208A907A02_1587561706,191,143,207
SM_Wheel_Rear_L_vehCar_vehicle05_3_BP_VehicleAI_SUV2_C_UAID_E08F4CF5208A907A02_1587561706,191,175,207
SM_Wheel_Rear_R_vehCar_vehicle05_4_BP_VehicleAI_SUV2_C_UAID_E08F4CF5208A907A02_1587561706,95,255,207
SM_vehCar_vehicle05_No_Wheel_5_BP_VehicleAI_SUV2_C_UAID_E08F4CF5208A907A02_1587561706,95,127,207
SM_All_Trans_vehCar_vehicle05_6_BP_VehicleAI_SUV2_C_UAID_E08F4CF5208A907A02_1587561706,95,191,207
BP_VehicleAI_pickup_C_UAID_E08F4CF5208A907A02_1634233764,95,95,207
SM_Wheel_Front_R_vehTruck_vehicle04_1_BP_VehicleAI_pickup_C_UAID_E08F4CF5208A907A02_1634233764,95,159,207
SM_Wheel_Front_L_vehTruck_vehicle04_2_BP_VehicleAI_pickup_C_UAID_E08F4CF5208A907A02_1634233764,95,223,207
SM_Wheel_Rear_L_vehTruck_vehicle04_3_BP_VehicleAI_pickup_C_UAID_E08F4CF5208A907A02_1634233764,95,79,207
SM_Wheel_Rear_R_vehTruck_vehicle04_4_BP_VehicleAI_pickup_C_UAID_E08F4CF5208A907A02_1634233764,95,110,207
SM_vehTruck_vehicle04_No_Wheel_5_BP_VehicleAI_pickup_C_UAID_E08F4CF5208A907A02_1634233764,95,143,207
SM_All_Trans_vehTruck_vehicle04_6_BP_VehicleAI_pickup_C_UAID_E08F4CF5208A907A02_1634233764,95,175,207
BP_VehicleAI_SUV2_C_UAID_E08F4CF5208A907A02_1587272681,159,255,207
SM_Wheel_Front_R_vehCar_vehicle05_1_BP_VehicleAI_SUV2_C_UAID_E08F4CF5208A907A02_1587272681,159,127,207
SM_Wheel_Front_L_vehCar_vehicle05_2_BP_VehicleAI_SUV2_C_UAID_E08F4CF5208A907A02_1587272681,159,191,207
SM_Wheel_Rear_L_vehCar_vehicle05_3_BP_VehicleAI_SUV2_C_UAID_E08F4CF5208A907A02_1587272681,159,95,207
SM_Wheel_Rear_R_vehCar_vehicle05_4_BP_VehicleAI_SUV2_C_UAID_E08F4CF5208A907A02_1587272681,159,159,207
SM_vehCar_vehicle05_No_Wheel_5_BP_VehicleAI_SUV2_C_UAID_E08F4CF5208A907A02_1587272681,159,223,207
SM_All_Trans_vehCar_vehicle05_6_BP_VehicleAI_SUV2_C_UAID_E08F4CF5208A907A02_1587272681,159,79,207
BP_VehicleAI_SUV1_C_UAID_E08F4CF5208A817A02_2061370032,159,110,207
SM_Wheel_Front_R_vehCar_vehicle02_1_BP_VehicleAI_SUV1_C_UAID_E08F4CF5208A817A02_2061370032,159,143,207
SM_Wheel_Front_L_vehCar_vehicle02_2_BP_VehicleAI_SUV1_C_UAID_E08F4CF5208A817A02_2061370032,159,175,207
SM_Wheel_Rear_L_vehCar_vehicle02_3_BP_VehicleAI_SUV1_C_UAID_E08F4CF5208A817A02_2061370032,223,255,207
SM_Wheel_Rear_R_vehCar_vehicle02_4_BP_VehicleAI_SUV1_C_UAID_E08F4CF5208A817A02_2061370032,223,127,207
SM_vehCar_vehicle02_No_Wheel_5_BP_VehicleAI_SUV1_C_UAID_E08F4CF5208A817A02_2061370032,223,191,207
SM_All_Trans_vehCar_vehicle02_6_BP_VehicleAI_SUV1_C_UAID_E08F4CF5208A817A02_2061370032,223,95,207
BP_VehicleAI_policecar_C_UAID_E08F4CF5208A907A02_1634062749,223,159,207
SM_Wheel_Front_R_vehCar_vehicle13_1_BP_VehicleAI_policecar_C_UAID_E08F4CF5208A907A02_1634062749,223,223,207
SM_Wheel_Front_L_vehCar_vehicle13_2_BP_VehicleAI_policecar_C_UAID_E08F4CF5208A907A02_1634062749,223,79,207
SM_Wheel_Rear_L_vehCar_vehicle13_3_BP_VehicleAI_policecar_C_UAID_E08F4CF5208A907A02_1634062749,223,110,207
SM_Wheel_Rear_R_vehCar_vehicle13_4_BP_VehicleAI_policecar_C_UAID_E08F4CF5208A907A02_1634062749,223,143,207
SM_vehCar_vehicle13_No_Wheel_5_BP_VehicleAI_policecar_C_UAID_E08F4CF5208A907A02_1634062749,223,175,207
SM_All_Trans_vehCar_vehicle13_6_BP_VehicleAI_policecar_C_UAID_E08F4CF5208A907A02_1634062749,79,255,207
BP_VehicleAI_pickup_C_UAID_E08F4CF5208A827A02_1767302213,79,127,207
SM_Wheel_Front_R_vehTruck_vehicle04_1_BP_VehicleAI_pickup_C_UAID_E08F4CF5208A827A02_1767302213,79,191,207
SM_Wheel_Front_L_vehTruck_vehicle04_2_BP_VehicleAI_pickup_C_UAID_E08F4CF5208A827A02_1767302213,79,95,207
SM_Wheel_Rear_L_vehTruck_vehicle04_3_BP_VehicleAI_pickup_C_UAID_E08F4CF5208A827A02_1767302213,79,159,207
SM_Wheel_Rear_R_vehTruck_vehicle04_4_BP_VehicleAI_pickup_C_UAID_E08F4CF5208A827A02_1767302213,79,223,207
SM_vehTruck_vehicle04_No_Wheel_5_BP_VehicleAI_pickup_C_UAID_E08F4CF5208A827A02_1767302213,79,79,207
SM_All_Trans_vehTruck_vehicle04_6_BP_VehicleAI_pickup_C_UAID_E08F4CF5208A827A02_1767302213,79,110,207
BP_VehicleAI_sportscar_C_UAID_E08F4CF5208A8C7A02_1212100100,79,143,207
SM_Wheel_Front_R_vehCar_vehicle06_1_BP_VehicleAI_sportscar_C_UAID_E08F4CF5208A8C7A02_1212100100,79,175,207
SM_Wheel_Front_L_vehCar_vehicle06_2_BP_VehicleAI_sportscar_C_UAID_E08F4CF5208A8C7A02_1212100100,110,255,207
SM_Wheel_Rear_L_vehCar_vehicle06_3_BP_VehicleAI_sportscar_C_UAID_E08F4CF5208A8C7A02_1212100100,110,127,207
SM_Wheel_Rear_R_vehCar_vehicle06_4_BP_VehicleAI_sportscar_C_UAID_E08F4CF5208A8C7A02_1212100100,110,191,207
SM_vehCar_vehicle06_No_Wheel_5_BP_VehicleAI_sportscar_C_UAID_E08F4CF5208A8C7A02_1212100100,110,95,207
SM_All_Trans_vehCar_vehicle06_6_BP_VehicleAI_sportscar_C_UAID_E08F4CF5208A8C7A02_1212100100,110,159,207
BP_VehicleAI_policecar_C_UAID_E08F4CF5208A907A02_1634247765,110,223,207
SM_Wheel_Front_R_vehCar_vehicle13_1_BP_VehicleAI_policecar_C_UAID_E08F4CF5208A907A02_1634247765,110,79,207
SM_Wheel_Front_L_vehCar_vehicle13_2_BP_VehicleAI_policecar_C_UAID_E08F4CF5208A907A02_1634247765,110,110,207
SM_Wheel_Rear_L_vehCar_vehicle13_3_BP_VehicleAI_policecar_C_UAID_E08F4CF5208A907A02_1634247765,110,143,207
SM_Wheel_Rear_R_vehCar_vehicle13_4_BP_VehicleAI_policecar_C_UAID_E08F4CF5208A907A02_1634247765,110,175,207
SM_vehCar_vehicle13_No_Wheel_5_BP_VehicleAI_policecar_C_UAID_E08F4CF5208A907A02_1634247765,143,255,207
SM_All_Trans_vehCar_vehicle13_6_BP_VehicleAI_policecar_C_UAID_E08F4CF5208A907A02_1634247765,143,127,207
BP_VehicleAI_sedan2_C_UAID_E08F4CF5208A907A02_1634197761,143,191,207
SM_Wheel_Front_R_vehCar_vehicle07_1_BP_VehicleAI_sedan2_C_UAID_E08F4CF5208A907A02_1634197761,143,95,207
SM_Wheel_Front_L_vehCar_vehicle07_2_BP_VehicleAI_sedan2_C_UAID_E08F4CF5208A907A02_1634197761,143,159,207
SM_Wheel_Rear_L_vehCar_vehicle07_3_BP_VehicleAI_sedan2_C_UAID_E08F4CF5208A907A02_1634197761,143,223,207
SM_Wheel_Rear_R_vehCar_vehicle07_4_BP_VehicleAI_sedan2_C_UAID_E08F4CF5208A907A02_1634197761,143,79,207
SM_vehCar_vehicle07_No_Wheel_5_BP_VehicleAI_sedan2_C_UAID_E08F4CF5208A907A02_1634197761,143,110,207
SM_All_Trans_vehCar_vehicle07_6_BP_VehicleAI_sedan2_C_UAID_E08F4CF5208A907A02_1634197761,143,143,207
BP_VehicleAI_C_UAID_E08F4CF5208A8E7A02_1425433340,143,175,207
SM_Wheel_Front_R_vehCar_vehicle03_1_BP_VehicleAI_C_UAID_E08F4CF5208A8E7A02_1425433340,175,255,207
SM_Wheel_Front_L_vehCar_vehicle03_2_BP_VehicleAI_C_UAID_E08F4CF5208A8E7A02_1425433340,175,127,207
SM_Wheel_Rear_L_vehCar_vehicle03_3_BP_VehicleAI_C_UAID_E08F4CF5208A8E7A02_1425433340,175,191,207
SM_Wheel_Rear_R_vehCar_vehicle03_4_BP_VehicleAI_C_UAID_E08F4CF5208A8E7A02_1425433340,175,95,207
SM_vehCar_vehicle03_No_Wheel_5_BP_VehicleAI_C_UAID_E08F4CF5208A8E7A02_1425433340,175,159,207
SM_All_Trans_vehCar_vehicle03_6_BP_VehicleAI_C_UAID_E08F4CF5208A8E7A02_1425433340,175,223,207
BP_VehicleAI_policecar_C_UAID_E08F4CF5208A907A02_1633958740,175,79,207
SM_Wheel_Front_R_vehCar_vehicle13_1_BP_VehicleAI_policecar_C_UAID_E08F4CF5208A907A02_1633958740,175,110,207
SM_Wheel_Front_L_vehCar_vehicle13_2_BP_VehicleAI_policecar_C_UAID_E08F4CF5208A907A02_1633958740,175,143,207
SM_Wheel_Rear_L_vehCar_vehicle13_3_BP_VehicleAI_policecar_C_UAID_E08F4CF5208A907A02_1633958740,175,175,207
SM_Wheel_Rear_R_vehCar_vehicle13_4_BP_VehicleAI_policecar_C_UAID_E08F4CF5208A907A02_1633958740,255,207,255
SM_vehCar_vehicle13_No_Wheel_5_BP_VehicleAI_policecar_C_UAID_E08F4CF5208A907A02_1633958740,255,207,127
SM_All_Trans_vehCar_vehicle13_6_BP_VehicleAI_policecar_C_UAID_E08F4CF5208A907A02_1633958740,255,207,191
BP_VehicleAI_pickup_C_UAID_E08F4CF5208A907A02_1634209762,255,207,95
SM_Wheel_Front_R_vehTruck_vehicle04_1_BP_VehicleAI_pickup_C_UAID_E08F4CF5208A907A02_1634209762,255,207,159
SM_Wheel_Front_L_vehTruck_vehicle04_2_BP_VehicleAI_pickup_C_UAID_E08F4CF5208A907A02_1634209762,255,207,223
SM_Wheel_Rear_L_vehTruck_vehicle04_3_BP_VehicleAI_pickup_C_UAID_E08F4CF5208A907A02_1634209762,255,207,79
SM_Wheel_Rear_R_vehTruck_vehicle04_4_BP_VehicleAI_pickup_C_UAID_E08F4CF5208A907A02_1634209762,255,207,110
SM_vehTruck_vehicle04_No_Wheel_5_BP_VehicleAI_pickup_C_UAID_E08F4CF5208A907A02_1634209762,255,207,143
SM_All_Trans_vehTruck_vehicle04_6_BP_VehicleAI_pickup_C_UAID_E08F4CF5208A907A02_1634209762,255,207,175
BP_VehicleAI_pickup_C_UAID_E08F4CF5208A8E7A02_1425476344,127,207,255
SM_Wheel_Front_R_vehTruck_vehicle04_1_BP_VehicleAI_pickup_C_UAID_E08F4CF5208A8E7A02_1425476344,127,207,127
SM_Wheel_Front_L_vehTruck_vehicle04_2_BP_VehicleAI_pickup_C_UAID_E08F4CF5208A8E7A02_1425476344,127,207,191
SM_Wheel_Rear_L_vehTruck_vehicle04_3_BP_VehicleAI_pickup_C_UAID_E08F4CF5208A8E7A02_1425476344,127,207,95
SM_Wheel_Rear_R_vehTruck_vehicle04_4_BP_VehicleAI_pickup_C_UAID_E08F4CF5208A8E7A02_1425476344,127,207,159
SM_vehTruck_vehicle04_No_Wheel_5_BP_VehicleAI_pickup_C_UAID_E08F4CF5208A8E7A02_1425476344,127,207,223
SM_All_Trans_vehTruck_vehicle04_6_BP_VehicleAI_pickup_C_UAID_E08F4CF5208A8E7A02_1425476344,127,207,79
BP_VehicleAI_C_UAID_E08F4CF5208A907A02_1587517702,127,207,110
SM_Wheel_Front_R_vehCar_vehicle03_1_BP_VehicleAI_C_UAID_E08F4CF5208A907A02_1587517702,127,207,143
SM_Wheel_Front_L_vehCar_vehicle03_2_BP_VehicleAI_C_UAID_E08F4CF5208A907A02_1587517702,127,207,175
SM_Wheel_Rear_L_vehCar_vehicle03_3_BP_VehicleAI_C_UAID_E08F4CF5208A907A02_1587517702,191,207,255
SM_Wheel_Rear_R_vehCar_vehicle03_4_BP_VehicleAI_C_UAID_E08F4CF5208A907A02_1587517702,191,207,127
SM_vehCar_vehicle03_No_Wheel_5_BP_VehicleAI_C_UAID_E08F4CF5208A907A02_1587517702,191,207,191
SM_All_Trans_vehCar_vehicle03_6_BP_VehicleAI_C_UAID_E08F4CF5208A907A02_1587517702,191,207,95
BP_VehicleAI_sportscar_C_UAID_E08F4CF5208A207602_2130063738,191,207,159
SM_Wheel_Front_R_vehCar_vehicle06_1_BP_VehicleAI_sportscar_C_UAID_E08F4CF5208A207602_2130063738,191,207,223
SM_Wheel_Front_L_vehCar_vehicle06_2_BP_VehicleAI_sportscar_C_UAID_E08F4CF5208A207602_2130063738,191,207,79
SM_Wheel_Rear_L_vehCar_vehicle06_3_BP_VehicleAI_sportscar_C_UAID_E08F4CF5208A207602_2130063738,191,207,110
SM_Wheel_Rear_R_vehCar_vehicle06_4_BP_VehicleAI_sportscar_C_UAID_E08F4CF5208A207602_2130063738,191,207,143
SM_vehCar_vehicle06_No_Wheel_5_BP_VehicleAI_sportscar_C_UAID_E08F4CF5208A207602_2130063738,191,207,175
SM_All_Trans_vehCar_vehicle06_6_BP_VehicleAI_sportscar_C_UAID_E08F4CF5208A207602_2130063738,95,207,255
BP_VehicleAI_pickup_C_UAID_E08F4CF5208A907A02_1634294769,95,207,127
SM_Wheel_Front_R_vehTruck_vehicle04_1_BP_VehicleAI_pickup_C_UAID_E08F4CF5208A907A02_1634294769,95,207,191
SM_Wheel_Front_L_vehTruck_vehicle04_2_BP_VehicleAI_pickup_C_UAID_E08F4CF5208A907A02_1634294769,95,207,95
SM_Wheel_Rear_L_vehTruck_vehicle04_3_BP_VehicleAI_pickup_C_UAID_E08F4CF5208A907A02_1634294769,95,207,159
SM_Wheel_Rear_R_vehTruck_vehicle04_4_BP_VehicleAI_pickup_C_UAID_E08F4CF5208A907A02_1634294769,95,207,223
SM_vehTruck_vehicle04_No_Wheel_5_BP_VehicleAI_pickup_C_UAID_E08F4CF5208A907A02_1634294769,95,207,79
SM_All_Trans_vehTruck_vehicle04_6_BP_VehicleAI_pickup_C_UAID_E08F4CF5208A907A02_1634294769,95,207,110
BP_VehicleAI_sedan2_C_UAID_E08F4CF5208A907A02_1587166672,95,207,143
SM_Wheel_Front_R_vehCar_vehicle07_1_BP_VehicleAI_sedan2_C_UAID_E08F4CF5208A907A02_1587166672,95,207,175
SM_Wheel_Front_L_vehCar_vehicle07_2_BP_VehicleAI_sedan2_C_UAID_E08F4CF5208A907A02_1587166672,159,207,255
SM_Wheel_Rear_L_vehCar_vehicle07_3_BP_VehicleAI_sedan2_C_UAID_E08F4CF5208A907A02_1587166672,159,207,127
SM_Wheel_Rear_R_vehCar_vehicle07_4_BP_VehicleAI_sedan2_C_UAID_E08F4CF5208A907A02_1587166672,159,207,191
SM_vehCar_vehicle07_No_Wheel_5_BP_VehicleAI_sedan2_C_UAID_E08F4CF5208A907A02_1587166672,159,207,95
SM_All_Trans_vehCar_vehicle07_6_BP_VehicleAI_sedan2_C_UAID_E08F4CF5208A907A02_1587166672,159,207,159
BP_VehicleAI_policecar_C_UAID_E08F4CF5208A8E7A02_1425411338,159,207,223
SM_Wheel_Front_R_vehCar_vehicle13_1_BP_VehicleAI_policecar_C_UAID_E08F4CF5208A8E7A02_1425411338,159,207,79
SM_Wheel_Front_L_vehCar_vehicle13_2_BP_VehicleAI_policecar_C_UAID_E08F4CF5208A8E7A02_1425411338,159,207,110
SM_Wheel_Rear_L_vehCar_vehicle13_3_BP_VehicleAI_policecar_C_UAID_E08F4CF5208A8E7A02_1425411338,159,207,143
SM_Wheel_Rear_R_vehCar_vehicle13_4_BP_VehicleAI_policecar_C_UAID_E08F4CF5208A8E7A02_1425411338,159,207,175
SM_vehCar_vehicle13_No_Wheel_5_BP_VehicleAI_policecar_C_UAID_E08F4CF5208A8E7A02_1425411338,223,207,255
SM_All_Trans_vehCar_vehicle13_6_BP_VehicleAI_policecar_C_UAID_E08F4CF5208A8E7A02_1425411338,223,207,127
BP_VehicleAI_sedan2_C_UAID_E08F4CF5208A8E7A02_1425444341,223,207,191
SM_Wheel_Front_R_vehCar_vehicle07_1_BP_VehicleAI_sedan2_C_UAID_E08F4CF5208A8E7A02_1425444341,223,207,95
SM_Wheel_Front_L_vehCar_vehicle07_2_BP_VehicleAI_sedan2_C_UAID_E08F4CF5208A8E7A02_1425444341,223,207,159
SM_Wheel_Rear_L_vehCar_vehicle07_3_BP_VehicleAI_sedan2_C_UAID_E08F4CF5208A8E7A02_1425444341,223,207,223
SM_Wheel_Rear_R_vehCar_vehicle07_4_BP_VehicleAI_sedan2_C_UAID_E08F4CF5208A8E7A02_1425444341,223,207,79
SM_vehCar_vehicle07_No_Wheel_5_BP_VehicleAI_sedan2_C_UAID_E08F4CF5208A8E7A02_1425444341,223,207,110
SM_All_Trans_vehCar_vehicle07_6_BP_VehicleAI_sedan2_C_UAID_E08F4CF5208A8E7A02_1425444341,223,207,143
BP_VehicleAI_SUV1_C_UAID_E08F4CF5208A907A02_1633913736,223,207,175
SM_Wheel_Front_R_vehCar_vehicle02_1_BP_VehicleAI_SUV1_C_UAID_E08F4CF5208A907A02_1633913736,79,207,255
SM_Wheel_Front_L_vehCar_vehicle02_2_BP_VehicleAI_SUV1_C_UAID_E08F4CF5208A907A02_1633913736,79,207,127
SM_Wheel_Rear_L_vehCar_vehicle02_3_BP_VehicleAI_SUV1_C_UAID_E08F4CF5208A907A02_1633913736,79,207,191
SM_Wheel_Rear_R_vehCar_vehicle02_4_BP_VehicleAI_SUV1_C_UAID_E08F4CF5208A907A02_1633913736,79,207,95
SM_vehCar_vehicle02_No_Wheel_5_BP_VehicleAI_SUV1_C_UAID_E08F4CF5208A907A02_1633913736,79,207,159
SM_All_Trans_vehCar_vehicle02_6_BP_VehicleAI_SUV1_C_UAID_E08F4CF5208A907A02_1633913736,79,207,223
BP_VehicleAI_sportscar_C_UAID_E08F4CF5208A8C7A02_1212302117,79,207,79
SM_Wheel_Front_R_vehCar_vehicle06_1_BP_VehicleAI_sportscar_C_UAID_E08F4CF5208A8C7A02_1212302117,79,207,110
SM_Wheel_Front_L_vehCar_vehicle06_2_BP_VehicleAI_sportscar_C_UAID_E08F4CF5208A8C7A02_1212302117,79,207,143
SM_Wheel_Rear_L_vehCar_vehicle06_3_BP_VehicleAI_sportscar_C_UAID_E08F4CF5208A8C7A02_1212302117,79,207,175
SM_Wheel_Rear_R_vehCar_vehicle06_4_BP_VehicleAI_sportscar_C_UAID_E08F4CF5208A8C7A02_1212302117,110,207,255
SM_vehCar_vehicle06_No_Wheel_5_BP_VehicleAI_sportscar_C_UAID_E08F4CF5208A8C7A02_1212302117,110,207,127
SM_All_Trans_vehCar_vehicle06_6_BP_VehicleAI_sportscar_C_UAID_E08F4CF5208A8C7A02_1212302117,110,207,191
BP_VehicleAI_SUV2_C_UAID_E08F4CF5208A8E7A02_1425498346,110,207,95
SM_Wheel_Front_R_vehCar_vehicle05_1_BP_VehicleAI_SUV2_C_UAID_E08F4CF5208A8E7A02_1425498346,110,207,159
SM_Wheel_Front_L_vehCar_vehicle05_2_BP_VehicleAI_SUV2_C_UAID_E08F4CF5208A8E7A02_1425498346,110,207,223
SM_Wheel_Rear_L_vehCar_vehicle05_3_BP_VehicleAI_SUV2_C_UAID_E08F4CF5208A8E7A02_1425498346,110,207,79
SM_Wheel_Rear_R_vehCar_vehicle05_4_BP_VehicleAI_SUV2_C_UAID_E08F4CF5208A8E7A02_1425498346,110,207,110
SM_vehCar_vehicle05_No_Wheel_5_BP_VehicleAI_SUV2_C_UAID_E08F4CF5208A8E7A02_1425498346,110,207,143
SM_All_Trans_vehCar_vehicle05_6_BP_VehicleAI_SUV2_C_UAID_E08F4CF5208A8E7A02_1425498346,110,207,175
BP_VehicleAI_C_UAID_E08F4CF5208A897A02_1815599463,143,207,255
SM_Wheel_Front_R_vehCar_vehicle03_1_BP_VehicleAI_C_UAID_E08F4CF5208A897A02_1815599463,143,207,127
SM_Wheel_Front_L_vehCar_vehicle03_2_BP_VehicleAI_C_UAID_E08F4CF5208A897A02_1815599463,143,207,191
SM_Wheel_Rear_L_vehCar_vehicle03_3_BP_VehicleAI_C_UAID_E08F4CF5208A897A02_1815599463,143,207,95
SM_Wheel_Rear_R_vehCar_vehicle03_4_BP_VehicleAI_C_UAID_E08F4CF5208A897A02_1815599463,143,207,159
SM_vehCar_vehicle03_No_Wheel_5_BP_VehicleAI_C_UAID_E08F4CF5208A897A02_1815599463,143,207,223
SM_All_Trans_vehCar_vehicle03_6_BP_VehicleAI_C_UAID_E08F4CF5208A897A02_1815599463,143,207,79
BP_VehicleAI_SUV1_C_UAID_E08F4CF5208A8E7A02_1425627355,143,207,110
SM_Wheel_Front_R_vehCar_vehicle02_1_BP_VehicleAI_SUV1_C_UAID_E08F4CF5208A8E7A02_1425627355,143,207,143
SM_Wheel_Front_L_vehCar_vehicle02_2_BP_VehicleAI_SUV1_C_UAID_E08F4CF5208A8E7A02_1425627355,143,207,175
SM_Wheel_Rear_L_vehCar_vehicle02_3_BP_VehicleAI_SUV1_C_UAID_E08F4CF5208A8E7A02_1425627355,175,207,255
SM_Wheel_Rear_R_vehCar_vehicle02_4_BP_VehicleAI_SUV1_C_UAID_E08F4CF5208A8E7A02_1425627355,175,207,127
SM_vehCar_vehicle02_No_Wheel_5_BP_VehicleAI_SUV1_C_UAID_E08F4CF5208A8E7A02_1425627355,175,207,191
SM_All_Trans_vehCar_vehicle02_6_BP_VehicleAI_SUV1_C_UAID_E08F4CF5208A8E7A02_1425627355,175,207,95
BP_VehicleAI_SUV2_C_UAID_E08F4CF5208A907A02_1634072750,175,207,159
SM_Wheel_Front_R_vehCar_vehicle05_1_BP_VehicleAI_SUV2_C_UAID_E08F4CF5208A907A02_1634072750,175,207,223
SM_Wheel_Front_L_vehCar_vehicle05_2_BP_VehicleAI_SUV2_C_UAID_E08F4CF5208A907A02_1634072750,175,207,79
SM_Wheel_Rear_L_vehCar_vehicle05_3_BP_VehicleAI_SUV2_C_UAID_E08F4CF5208A907A02_1634072750,175,207,110
SM_Wheel_Rear_R_vehCar_vehicle05_4_BP_VehicleAI_SUV2_C_UAID_E08F4CF5208A907A02_1634072750,175,207,143
SM_vehCar_vehicle05_No_Wheel_5_BP_VehicleAI_SUV2_C_UAID_E08F4CF5208A907A02_1634072750,175,207,175
SM_All_Trans_vehCar_vehicle05_6_BP_VehicleAI_SUV2_C_UAID_E08F4CF5208A907A02_1634072750,255,207,207
BP_VehicleAI_C_UAID_E08F4CF5208A907A02_1587150671,127,207,207
SM_Wheel_Front_R_vehCar_vehicle03_1_BP_VehicleAI_C_UAID_E08F4CF5208A907A02_1587150671,191,207,207
SM_Wheel_Front_L_vehCar_vehicle03_2_BP_VehicleAI_C_UAID_E08F4CF5208A907A02_1587150671,95,207,207
SM_Wheel_Rear_L_vehCar_vehicle03_3_BP_VehicleAI_C_UAID_E08F4CF5208A907A02_1587150671,159,207,207
SM_Wheel_Rear_R_vehCar_vehicle03_4_BP_VehicleAI_C_UAID_E08F4CF5208A907A02_1587150671,223,207,207
SM_vehCar_vehicle03_No_Wheel_5_BP_VehicleAI_C_UAID_E08F4CF5208A907A02_1587150671,79,207,207
SM_All_Trans_vehCar_vehicle03_6_BP_VehicleAI_C_UAID_E08F4CF5208A907A02_1587150671,110,207,207
BP_VehicleAI_sportscar_C_UAID_E08F4CF5208A8E7A02_1425235322,143,207,207
SM_Wheel_Front_R_vehCar_vehicle06_1_BP_VehicleAI_sportscar_C_UAID_E08F4CF5208A8E7A02_1425235322,175,207,207
SM_Wheel_Front_L_vehCar_vehicle06_2_BP_VehicleAI_sportscar_C_UAID_E08F4CF5208A8E7A02_1425235322,207,255,255
SM_Wheel_Rear_L_vehCar_vehicle06_3_BP_VehicleAI_sportscar_C_UAID_E08F4CF5208A8E7A02_1425235322,207,255,127
SM_Wheel_Rear_R_vehCar_vehicle06_4_BP_VehicleAI_sportscar_C_UAID_E08F4CF5208A8E7A02_1425235322,207,255,191
SM_vehCar_vehicle06_No_Wheel_5_BP_VehicleAI_sportscar_C_UAID_E08F4CF5208A8E7A02_1425235322,207,255,95
SM_All_Trans_vehCar_vehicle06_6_BP_VehicleAI_sportscar_C_UAID_E08F4CF5208A8E7A02_1425235322,207,255,159
BP_VehicleAI_policecar_C_UAID_E08F4CF5208A8C7A02_1212459132,207,255,223
SM_Wheel_Front_R_vehCar_vehicle13_1_BP_VehicleAI_policecar_C_UAID_E08F4CF5208A8C7A02_1212459132,207,255,79
SM_Wheel_Front_L_vehCar_vehicle13_2_BP_VehicleAI_policecar_C_UAID_E08F4CF5208A8C7A02_1212459132,207,255,110
SM_Wheel_Rear_L_vehCar_vehicle13_3_BP_VehicleAI_policecar_C_UAID_E08F4CF5208A8C7A02_1212459132,207,255,143
SM_Wheel_Rear_R_vehCar_vehicle13_4_BP_VehicleAI_policecar_C_UAID_E08F4CF5208A8C7A02_1212459132,207,255,175
SM_vehCar_vehicle13_No_Wheel_5_BP_VehicleAI_policecar_C_UAID_E08F4CF5208A8C7A02_1212459132,207,127,255
SM_All_Trans_vehCar_vehicle13_6_BP_VehicleAI_policecar_C_UAID_E08F4CF5208A8C7A02_1212459132,207,127,127
BP_VehicleAI_pickup_C_UAID_E08F4CF5208A8E7A02_1425422339,207,127,191
SM_Wheel_Front_R_vehTruck_vehicle04_1_BP_VehicleAI_pickup_C_UAID_E08F4CF5208A8E7A02_1425422339,207,127,95
SM_Wheel_Front_L_vehTruck_vehicle04_2_BP_VehicleAI_pickup_C_UAID_E08F4CF5208A8E7A02_1425422339,207,127,159
SM_Wheel_Rear_L_vehTruck_vehicle04_3_BP_VehicleAI_pickup_C_UAID_E08F4CF5208A8E7A02_1425422339,207,127,223
SM_Wheel_Rear_R_vehTruck_vehicle04_4_BP_VehicleAI_pickup_C_UAID_E08F4CF5208A8E7A02_1425422339,207,127,79
SM_vehTruck_vehicle04_No_Wheel_5_BP_VehicleAI_pickup_C_UAID_E08F4CF5208A8E7A02_1425422339,207,127,110
SM_All_Trans_vehTruck_vehicle04_6_BP_VehicleAI_pickup_C_UAID_E08F4CF5208A8E7A02_1425422339,207,127,143
BP_VehicleAI_C_UAID_E08F4CF5208A907A02_1634259766,207,127,175
SM_Wheel_Front_R_vehCar_vehicle03_1_BP_VehicleAI_C_UAID_E08F4CF5208A907A02_1634259766,207,191,255
SM_Wheel_Front_L_vehCar_vehicle03_2_BP_VehicleAI_C_UAID_E08F4CF5208A907A02_1634259766,207,191,127
SM_Wheel_Rear_L_vehCar_vehicle03_3_BP_VehicleAI_C_UAID_E08F4CF5208A907A02_1634259766,207,191,191
SM_Wheel_Rear_R_vehCar_vehicle03_4_BP_VehicleAI_C_UAID_E08F4CF5208A907A02_1634259766,207,191,95
SM_vehCar_vehicle03_No_Wheel_5_BP_VehicleAI_C_UAID_E08F4CF5208A907A02_1634259766,207,191,159
SM_All_Trans_vehCar_vehicle03_6_BP_VehicleAI_C_UAID_E08F4CF5208A907A02_1634259766,207,191,223
BP_VehicleAI_SUV1_C_UAID_E08F4CF5208A8E7A02_1425367334,207,191,79
SM_Wheel_Front_R_vehCar_vehicle02_1_BP_VehicleAI_SUV1_C_UAID_E08F4CF5208A8E7A02_1425367334,207,191,110
SM_Wheel_Front_L_vehCar_vehicle02_2_BP_VehicleAI_SUV1_C_UAID_E08F4CF5208A8E7A02_1425367334,207,191,143
SM_Wheel_Rear_L_vehCar_vehicle02_3_BP_VehicleAI_SUV1_C_UAID_E08F4CF5208A8E7A02_1425367334,207,191,175
SM_Wheel_Rear_R_vehCar_vehicle02_4_BP_VehicleAI_SUV1_C_UAID_E08F4CF5208A8E7A02_1425367334,207,95,255
SM_vehCar_vehicle02_No_Wheel_5_BP_VehicleAI_SUV1_C_UAID_E08F4CF5208A8E7A02_1425367334,207,95,127
SM_All_Trans_vehCar_vehicle02_6_BP_VehicleAI_SUV1_C_UAID_E08F4CF5208A8E7A02_1425367334,207,95,191
BP_VehicleAI_taxi_C_UAID_E08F4CF5208A8E7A02_1425658357,207,95,95
SM_Wheel_Front_R_vehCar_vehicle12_1_BP_VehicleAI_taxi_C_UAID_E08F4CF5208A8E7A02_1425658357,207,95,159
SM_Wheel_Front_L_vehCar_vehicle12_2_BP_VehicleAI_taxi_C_UAID_E08F4CF5208A8E7A02_1425658357,207,95,223
SM_Wheel_Rear_L_vehCar_vehicle12_3_BP_VehicleAI_taxi_C_UAID_E08F4CF5208A8E7A02_1425658357,207,95,79
SM_Wheel_Rear_R_vehCar_vehicle12_4_BP_VehicleAI_taxi_C_UAID_E08F4CF5208A8E7A02_1425658357,207,95,110
SM_vehCar_vehicle12_No_Wheel_5_BP_VehicleAI_taxi_C_UAID_E08F4CF5208A8E7A02_1425658357,207,95,143
SM_All_Trans_vehCar_vehicle12_6_BP_VehicleAI_taxi_C_UAID_E08F4CF5208A8E7A02_1425658357,207,95,175
BP_VehicleAI_sportscar_C_UAID_E08F4CF5208A8C7A02_1212150104,207,159,255
SM_Wheel_Front_R_vehCar_vehicle06_1_BP_VehicleAI_sportscar_C_UAID_E08F4CF5208A8C7A02_1212150104,207,159,127
SM_Wheel_Front_L_vehCar_vehicle06_2_BP_VehicleAI_sportscar_C_UAID_E08F4CF5208A8C7A02_1212150104,207,159,191
SM_Wheel_Rear_L_vehCar_vehicle06_3_BP_VehicleAI_sportscar_C_UAID_E08F4CF5208A8C7A02_1212150104,207,159,95
SM_Wheel_Rear_R_vehCar_vehicle06_4_BP_VehicleAI_sportscar_C_UAID_E08F4CF5208A8C7A02_1212150104,207,159,159
SM_vehCar_vehicle06_No_Wheel_5_BP_VehicleAI_sportscar_C_UAID_E08F4CF5208A8C7A02_1212150104,207,159,223
SM_All_Trans_vehCar_vehicle06_6_BP_VehicleAI_sportscar_C_UAID_E08F4CF5208A8C7A02_1212150104,207,159,79
BP_VehicleAI_policecar_C_UAID_E08F4CF5208A907A02_1587305684,207,159,110
SM_Wheel_Front_R_vehCar_vehicle13_1_BP_VehicleAI_policecar_C_UAID_E08F4CF5208A907A02_1587305684,207,159,143
SM_Wheel_Front_L_vehCar_vehicle13_2_BP_VehicleAI_policecar_C_UAID_E08F4CF5208A907A02_1587305684,207,159,175
SM_Wheel_Rear_L_vehCar_vehicle13_3_BP_VehicleAI_policecar_C_UAID_E08F4CF5208A907A02_1587305684,207,223,255
SM_Wheel_Rear_R_vehCar_vehicle13_4_BP_VehicleAI_policecar_C_UAID_E08F4CF5208A907A02_1587305684,207,223,127
SM_vehCar_vehicle13_No_Wheel_5_BP_VehicleAI_policecar_C_UAID_E08F4CF5208A907A02_1587305684,207,223,191
SM_All_Trans_vehCar_vehicle13_6_BP_VehicleAI_policecar_C_UAID_E08F4CF5208A907A02_1587305684,207,223,95
BP_VehicleAI_C_UAID_E08F4CF5208A897A02_1815687471,207,223,159
SM_Wheel_Front_R_vehCar_vehicle03_1_BP_VehicleAI_C_UAID_E08F4CF5208A897A02_1815687471,207,223,223
SM_Wheel_Front_L_vehCar_vehicle03_2_BP_VehicleAI_C_UAID_E08F4CF5208A897A02_1815687471,207,223,79
SM_Wheel_Rear_L_vehCar_vehicle03_3_BP_VehicleAI_C_UAID_E08F4CF5208A897A02_1815687471,207,223,110
SM_Wheel_Rear_R_vehCar_vehicle03_4_BP_VehicleAI_C_UAID_E08F4CF5208A897A02_1815687471,207,223,143
SM_vehCar_vehicle03_No_Wheel_5_BP_VehicleAI_C_UAID_E08F4CF5208A897A02_1815687471,207,223,175
SM_All_Trans_vehCar_vehicle03_6_BP_VehicleAI_C_UAID_E08F4CF5208A897A02_1815687471,207,79,255
BP_VehicleAI_taxi_C_UAID_E08F4CF5208A8E7A02_1425377335,207,79,127
SM_Wheel_Front_R_vehCar_vehicle12_1_BP_VehicleAI_taxi_C_UAID_E08F4CF5208A8E7A02_1425377335,207,79,191
SM_Wheel_Front_L_vehCar_vehicle12_2_BP_VehicleAI_taxi_C_UAID_E08F4CF5208A8E7A02_1425377335,207,79,95
SM_Wheel_Rear_L_vehCar_vehicle12_3_BP_VehicleAI_taxi_C_UAID_E08F4CF5208A8E7A02_1425377335,207,79,159
SM_Wheel_Rear_R_vehCar_vehicle12_4_BP_VehicleAI_taxi_C_UAID_E08F4CF5208A8E7A02_1425377335,207,79,223
SM_vehCar_vehicle12_No_Wheel_5_BP_VehicleAI_taxi_C_UAID_E08F4CF5208A8E7A02_1425377335,207,79,79
SM_All_Trans_vehCar_vehicle12_6_BP_VehicleAI_taxi_C_UAID_E08F4CF5208A8E7A02_1425377335,207,79,110
BP_VehicleAI_SUV2_C_UAID_E08F4CF5208A907A02_1587572707,207,79,143
SM_Wheel_Front_R_vehCar_vehicle05_1_BP_VehicleAI_SUV2_C_UAID_E08F4CF5208A907A02_1587572707,207,79,175
SM_Wheel_Front_L_vehCar_vehicle05_2_BP_VehicleAI_SUV2_C_UAID_E08F4CF5208A907A02_1587572707,207,110,255
SM_Wheel_Rear_L_vehCar_vehicle05_3_BP_VehicleAI_SUV2_C_UAID_E08F4CF5208A907A02_1587572707,207,110,127
SM_Wheel_Rear_R_vehCar_vehicle05_4_BP_VehicleAI_SUV2_C_UAID_E08F4CF5208A907A02_1587572707,207,110,191
SM_vehCar_vehicle05_No_Wheel_5_BP_VehicleAI_SUV2_C_UAID_E08F4CF5208A907A02_1587572707,207,110,95
SM_All_Trans_vehCar_vehicle05_6_BP_VehicleAI_SUV2_C_UAID_E08F4CF5208A907A02_1587572707,207,110,159
BP_VehicleAI_sedan2_C_UAID_E08F4CF5208A8E7A02_1425672358,207,110,223
SM_Wheel_Front_R_vehCar_vehicle07_1_BP_VehicleAI_sedan2_C_UAID_E08F4CF5208A8E7A02_1425672358,207,110,79
SM_Wheel_Front_L_vehCar_vehicle07_2_BP_VehicleAI_sedan2_C_UAID_E08F4CF5208A8E7A02_1425672358,207,110,110
SM_Wheel_Rear_L_vehCar_vehicle07_3_BP_VehicleAI_sedan2_C_UAID_E08F4CF5208A8E7A02_1425672358,207,110,143
SM_Wheel_Rear_R_vehCar_vehicle07_4_BP_VehicleAI_sedan2_C_UAID_E08F4CF5208A8E7A02_1425672358,207,110,175
SM_vehCar_vehicle07_No_Wheel_5_BP_VehicleAI_sedan2_C_UAID_E08F4CF5208A8E7A02_1425672358,207,143,255
SM_All_Trans_vehCar_vehicle07_6_BP_VehicleAI_sedan2_C_UAID_E08F4CF5208A8E7A02_1425672358,207,143,127
BP_VehicleAI_SUV1_C_UAID_E08F4CF5208A8C7A02_1212134103,207,143,191
SM_Wheel_Front_R_vehCar_vehicle02_1_BP_VehicleAI_SUV1_C_UAID_E08F4CF5208A8C7A02_1212134103,207,143,95
SM_Wheel_Front_L_vehCar_vehicle02_2_BP_VehicleAI_SUV1_C_UAID_E08F4CF5208A8C7A02_1212134103,207,143,159
SM_Wheel_Rear_L_vehCar_vehicle02_3_BP_VehicleAI_SUV1_C_UAID_E08F4CF5208A8C7A02_1212134103,207,143,223
SM_Wheel_Rear_R_vehCar_vehicle02_4_BP_VehicleAI_SUV1_C_UAID_E08F4CF5208A8C7A02_1212134103,207,143,79
SM_vehCar_vehicle02_No_Wheel_5_BP_VehicleAI_SUV1_C_UAID_E08F4CF5208A8C7A02_1212134103,207,143,110
SM_All_Trans_vehCar_vehicle02_6_BP_VehicleAI_SUV1_C_UAID_E08F4CF5208A8C7A02_1212134103,207,143,143
BP_VehicleAI_pickup_C_UAID_E08F4CF5208A8E7A02_1425466343,207,143,175
SM_Wheel_Front_R_vehTruck_vehicle04_1_BP_VehicleAI_pickup_C_UAID_E08F4CF5208A8E7A02_1425466343,207,175,255
SM_Wheel_Front_L_vehTruck_vehicle04_2_BP_VehicleAI_pickup_C_UAID_E08F4CF5208A8E7A02_1425466343,207,175,127
SM_Wheel_Rear_L_vehTruck_vehicle04_3_BP_VehicleAI_pickup_C_UAID_E08F4CF5208A8E7A02_1425466343,207,175,191
SM_Wheel_Rear_R_vehTruck_vehicle04_4_BP_VehicleAI_pickup_C_UAID_E08F4CF5208A8E7A02_1425466343,207,175,95
SM_vehTruck_vehicle04_No_Wheel_5_BP_VehicleAI_pickup_C_UAID_E08F4CF5208A8E7A02_1425466343,207,175,159
SM_All_Trans_vehTruck_vehicle04_6_BP_VehicleAI_pickup_C_UAID_E08F4CF5208A8E7A02_1425466343,207,175,223
BP_VehicleAI_taxi_C_UAID_E08F4CF5208A907A02_1633901735,207,175,79
SM_Wheel_Front_R_vehCar_vehicle12_1_BP_VehicleAI_taxi_C_UAID_E08F4CF5208A907A02_1633901735,207,175,110
SM_Wheel_Front_L_vehCar_vehicle12_2_BP_VehicleAI_taxi_C_UAID_E08F4CF5208A907A02_1633901735,207,175,143
SM_Wheel_Rear_L_vehCar_vehicle12_3_BP_VehicleAI_taxi_C_UAID_E08F4CF5208A907A02_1633901735,207,175,175
SM_Wheel_Rear_R_vehCar_vehicle12_4_BP_VehicleAI_taxi_C_UAID_E08F4CF5208A907A02_1633901735,207,255,207
SM_vehCar_vehicle12_No_Wheel_5_BP_VehicleAI_taxi_C_UAID_E08F4CF5208A907A02_1633901735,207,127,207
SM_All_Trans_vehCar_vehicle12_6_BP_VehicleAI_taxi_C_UAID_E08F4CF5208A907A02_1633901735,207,191,207
BP_VehicleAI_C_UAID_E08F4CF5208A907A02_1587342687,207,95,207
SM_Wheel_Front_R_vehCar_vehicle03_1_BP_VehicleAI_C_UAID_E08F4CF5208A907A02_1587342687,207,159,207
SM_Wheel_Front_L_vehCar_vehicle03_2_BP_VehicleAI_C_UAID_E08F4CF5208A907A02_1587342687,207,223,207
SM_Wheel_Rear_L_vehCar_vehicle03_3_BP_VehicleAI_C_UAID_E08F4CF5208A907A02_1587342687,207,79,207
SM_Wheel_Rear_R_vehCar_vehicle03_4_BP_VehicleAI_C_UAID_E08F4CF5208A907A02_1587342687,207,110,207
SM_vehCar_vehicle03_No_Wheel_5_BP_VehicleAI_C_UAID_E08F4CF5208A907A02_1587342687,207,143,207
SM_All_Trans_vehCar_vehicle03_6_BP_VehicleAI_C_UAID_E08F4CF5208A907A02_1587342687,207,175,207
BP_VehicleAI_policecar_C_UAID_E08F4CF5208A907A02_1587203675,207,207,255
SM_Wheel_Front_R_vehCar_vehicle13_1_BP_VehicleAI_policecar_C_UAID_E08F4CF5208A907A02_1587203675,207,207,127
SM_Wheel_Front_L_vehCar_vehicle13_2_BP_VehicleAI_policecar_C_UAID_E08F4CF5208A907A02_1587203675,207,207,191
SM_Wheel_Rear_L_vehCar_vehicle13_3_BP_VehicleAI_policecar_C_UAID_E08F4CF5208A907A02_1587203675,207,207,95
SM_Wheel_Rear_R_vehCar_vehicle13_4_BP_VehicleAI_policecar_C_UAID_E08F4CF5208A907A02_1587203675,207,207,159
SM_vehCar_vehicle13_No_Wheel_5_BP_VehicleAI_policecar_C_UAID_E08F4CF5208A907A02_1587203675,207,207,223
SM_All_Trans_vehCar_vehicle13_6_BP_VehicleAI_policecar_C_UAID_E08F4CF5208A907A02_1587203675,207,207,79
BP_VehicleAI_C_UAID_E08F4CF5208A897A02_1815775478,207,207,110
SM_Wheel_Front_R_vehCar_vehicle03_1_BP_VehicleAI_C_UAID_E08F4CF5208A897A02_1815775478,207,207,143
SM_Wheel_Front_L_vehCar_vehicle03_2_BP_VehicleAI_C_UAID_E08F4CF5208A897A02_1815775478,207,207,175
SM_Wheel_Rear_L_vehCar_vehicle03_3_BP_VehicleAI_C_UAID_E08F4CF5208A897A02_1815775478,207,207,207
SM_Wheel_Rear_R_vehCar_vehicle03_4_BP_VehicleAI_C_UAID_E08F4CF5208A897A02_1815775478,255,255,239
SM_vehCar_vehicle03_No_Wheel_5_BP_VehicleAI_C_UAID_E08F4CF5208A897A02_1815775478,255,127,239
SM_All_Trans_vehCar_vehicle03_6_BP_VehicleAI_C_UAID_E08F4CF5208A897A02_1815775478,255,191,239
SM_CineCam_0_ExternalCamera,255,95,239
MatineeCam_SM_1_ExternalCamera,255,159,239
MatineeCam_SM_2_ExternalCamera,255,223,239
MatineeCam_SM_3_ExternalCamera,255,79,239
MatineeCam_SM_4_ExternalCamera,255,110,239
MatineeCam_SM_5_ExternalCamera,255,143,239
Cone_6_ExternalCamera,255,175,239
MatineeCam_SM_7_ExternalCamera,255,207,239
MatineeCam_SM_8_ExternalCamera,127,255,239
MatineeCam_SM_9_ExternalCamera,127,127,239
MatineeCam_SM_10_ExternalCamera,127,191,239
MatineeCam_SM_11_ExternalCamera,127,95,239
Quadrotor1_0_Drone1,127,159,239
Propeller_1_Drone1,127,223,239
Propeller_2_Drone1,127,79,239
Propeller_3_Drone1,127,110,239
Propeller_4_Drone1,127,143,239
SM_CineCam_0_FrontRightCamera_Drone1,127,175,239
MatineeCam_SM_1_FrontRightCamera_Drone1,127,207,239
MatineeCam_SM_2_FrontRightCamera_Drone1,191,255,239
MatineeCam_SM_3_FrontRightCamera_Drone1,191,127,239
MatineeCam_SM_4_FrontRightCamera_Drone1,191,191,239
MatineeCam_SM_5_FrontRightCamera_Drone1,191,95,239
Cone_6_FrontRightCamera_Drone1,191,159,239
MatineeCam_SM_7_FrontRightCamera_Drone1,191,223,239
MatineeCam_SM_8_FrontRightCamera_Drone1,191,79,239
MatineeCam_SM_9_FrontRightCamera_Drone1,191,110,239
MatineeCam_SM_10_FrontRightCamera_Drone1,191,143,239
MatineeCam_SM_11_FrontRightCamera_Drone1,191,175,239
SM_CineCam_0_FrontLeftCamera_Drone1,191,207,239
MatineeCam_SM_1_FrontLeftCamera_Drone1,95,255,239
MatineeCam_SM_2_FrontLeftCamera_Drone1,95,127,239
MatineeCam_SM_3_FrontLeftCamera_Drone1,95,191,239
MatineeCam_SM_4_FrontLeftCamera_Drone1,95,95,239
MatineeCam_SM_5_FrontLeftCamera_Drone1,95,159,239
Cone_6_FrontLeftCamera_Drone1,95,223,239
MatineeCam_SM_7_FrontLeftCamera_Drone1,95,79,239
MatineeCam_SM_8_FrontLeftCamera_Drone1,95,110,239
MatineeCam_SM_9_FrontLeftCamera_Drone1,95,143,239
MatineeCam_SM_10_FrontLeftCamera_Drone1,95,175,239
MatineeCam_SM_11_FrontLeftCamera_Drone1,95,207,239
SM_CineCam_0_FrontCenterCamera_Drone1,159,255,239
MatineeCam_SM_1_FrontCenterCamera_Drone1,159,127,239
MatineeCam_SM_2_FrontCenterCamera_Drone1,159,191,239
MatineeCam_SM_3_FrontCenterCamera_Drone1,159,95,239
MatineeCam_SM_4_FrontCenterCamera_Drone1,159,159,239
MatineeCam_SM_5_FrontCenterCamera_Drone1,159,223,239
Cone_6_FrontCenterCamera_Drone1,159,79,239
MatineeCam_SM_7_FrontCenterCamera_Drone1,159,110,239
MatineeCam_SM_8_FrontCenterCamera_Drone1,159,143,239
MatineeCam_SM_9_FrontCenterCamera_Drone1,159,175,239
MatineeCam_SM_10_FrontCenterCamera_Drone1,159,207,239
MatineeCam_SM_11_FrontCenterCamera_Drone1,223,255,239
SM_CineCam_0_BackCenterCamera_Drone1,223,127,239
MatineeCam_SM_1_BackCenterCamera_Drone1,223,191,239
MatineeCam_SM_2_BackCenterCamera_Drone1,223,95,239
MatineeCam_SM_3_BackCenterCamera_Drone1,223,159,239
MatineeCam_SM_4_BackCenterCamera_Drone1,223,223,239
MatineeCam_SM_5_BackCenterCamera_Drone1,223,79,239
Cone_6_BackCenterCamera_Drone1,223,110,239
MatineeCam_SM_7_BackCenterCamera_Drone1,223,143,239
MatineeCam_SM_8_BackCenterCamera_Drone1,223,175,239
MatineeCam_SM_9_BackCenterCamera_Drone1,223,207,239
MatineeCam_SM_10_BackCenterCamera_Drone1,79,255,239
MatineeCam_SM_11_BackCenterCamera_Drone1,79,127,239
SM_CineCam_0_BottomCenterCamera_Drone1,79,191,239
MatineeCam_SM_1_BottomCenterCamera_Drone1,79,95,239
MatineeCam_SM_2_BottomCenterCamera_Drone1,79,159,239
MatineeCam_SM_3_BottomCenterCamera_Drone1,79,223,239
MatineeCam_SM_4_BottomCenterCamera_Drone1,79,79,239
MatineeCam_SM_5_BottomCenterCamera_Drone1,79,110,239
Cone_6_BottomCenterCamera_Drone1,79,143,239
MatineeCam_SM_7_BottomCenterCamera_Drone1,79,175,239
MatineeCam_SM_8_BottomCenterCamera_Drone1,79,207,239
MatineeCam_SM_9_BottomCenterCamera_Drone1,110,255,239
MatineeCam_SM_10_BottomCenterCamera_Drone1,110,127,239
MatineeCam_SM_11_BottomCenterCamera_Drone1,110,191,239
SM_CineCam_0_BP_PIPCamera_C_5,110,95,239
MatineeCam_SM_1_BP_PIPCamera_C_5,110,159,239
MatineeCam_SM_2_BP_PIPCamera_C_5,110,223,239
MatineeCam_SM_3_BP_PIPCamera_C_5,110,79,239
MatineeCam_SM_4_BP_PIPCamera_C_5,110,110,239
MatineeCam_SM_5_BP_PIPCamera_C_5,110,143,239
Cone_6_BP_PIPCamera_C_5,110,175,239
MatineeCam_SM_7_BP_PIPCamera_C_5,110,207,239
MatineeCam_SM_8_BP_PIPCamera_C_5,143,255,239
MatineeCam_SM_9_BP_PIPCamera_C_5,143,127,239
MatineeCam_SM_10_BP_PIPCamera_C_5,143,191,239
MatineeCam_SM_11_BP_PIPCamera_C_5,143,95,239
